,Appellation,Robert,Robinson,Suckling,Prix
0,Haut-Médoc,92.0,16,95.0,30.00
1,Saint-Estèphe,92.0,16,96.0,46.00
2,Pessac-Léognan,93.0,16.5,94.0,55.83
3,Margaux,92.0,16,96.0,79.00
4,Pessac-Léognan,91.0,,93.0,28.08
5,Pessac-Léognan,90.0,16.5,94.0,33.00
6,Haut-Médoc,92.0,16.5,93.0,60.00
7,Moulis,92.0,15.5,93.0,38.00
8,Haut-Médoc,,,,13.92
9,Haut-Médoc,92.0,16,94.5,63.00
10,Pessac-Léognan,93.0,16.5,93.0,43.00
11,Haut-Médoc,89.0,16,92.0,23.00
12,Pauillac,97.0,18,98.0,283.00
13,Haut-Médoc,88.0,15.5,,19.08
14,Haut-Médoc,89.0,15,92.0,24.58
15,Pessac-Léognan,88.0,15.5,93.0,24.50
16,Pessac-Léognan,93.0,16.5,93.0,37.50
17,Pomerol,87.0,,,40.75
18,Pessac-Léognan,96.0,15.5,97.0,105.00
19,Pessac-Léognan,90.0,16,93.0,46.67
20,Listrac,90.0,16,91.0,17.50
21,Margaux,92.0,16,93.0,59.00
22,Saint-Estèphe,90.0,16.5,92.0,30.00
23,Pessac-Léognan,89.0,15.5,92.0,34.00
24,Saint-Estèphe,93.0,17,96.0,54.08
25,Pessac-Léognan,,16,91.0,28.75
26,Moulis,89.0,16.5,90.0,26.00
27,Haut-Médoc,86.0,17,95.0,38.92
28,Saint-Emilion,95.0,15,96.0,99.00
29,Pessac-Léognan,90.0,16.5,93.0,30.33
30,Pomerol,88.0,16,96.0,85.00
31,Pessac-Léognan,89.0,16.5,95.0,36.00
32,Pessac-Léognan,92.0,16,92.0,43.50
33,Pessac-Léognan,97.0,16.5,97.0,102.00
34,Saint-Julien,93.0,16.5,96.0,54.92
35,Haut-Médoc,,,,13.00
36,Haut-Médoc,,,90.0,14.75
37,Haut-Médoc,90.0,16,,21.25
38,Margaux,93.0,16,95.0,50.00
39,Haut-Médoc,93.0,16,94.0,51.67
40,Pomerol,94.0,16.5,95.0,89.50
41,Saint-Estèphe,91.0,,91.5,25.00
42,Haut-Médoc,89.0,14.5,,17.25
43,Saint-Estèphe,93.0,17,94.0,57.00
44,Haut-Médoc,86.0,16,92.0,32.00
45,Margaux,96.0,16.5,96.0,134.00
46,Pauillac,90.0,15.5,95.0,41.00
47,Pauillac,96.0,17,96.0,93.00
48,Saint-Estèphe,90.0,16,94.0,50.83
49,Pessac-Léognan,94.0,16,97.0,84.00
50,Saint-Julien,93.0,16.5,95.0,78.00
51,Margaux,88.0,16.5,93.0,63.42
52,Saint-Emilion,85.0,16.5,94.0,36.42
53,Pauillac,90.0,,,37.42
54,Saint-Julien,,15.5,92.0,28.50
55,Sauternes,,16,,29.50
56,Pauillac,96.0,17.5,97.0,170.00
57,Margaux,91.0,16,94.0,41.00
58,Saint-Estèphe,92.0,16.5,94.0,51.67
59,Pomerol,90.0,16,95.0,49.00
60,Saint-Estèphe,98.0,17.5,98.0,229.00
61,Pauillac,89.0,15.5,92.0,55.00
62,Haut-Médoc,89.0,15,92.0,29.00
63,Haut-Médoc,84.0,15.5,89.5,19.00
64,Sauternes,90.0,,90.5,26.00
65,Pomerol,92.0,15.5,93.0,36.00
66,Saint-Estèphe,97.0,17.5,99.0,240.00
67,Haut-Médoc,91.0,14.5,92.0,33.50
68,Pauillac,87.0,15,,30.50
69,Saint-Emilion,96.0,18,98.0,115.00
70,Saint-Emilion,97.0,17.5,97.0,185.00
71,Saint-Emilion,93.0,15.5,97.0,92.00
72,Saint-Estèphe,90.0,17,93.5,39.00
73,Saint-Emilion,90.0,16.5,93.0,33.92
74,Margaux,95.0,17.5,97.0,72.00
75,Pessac-Léognan,92.0,16,91.0,27.58
76,Pessac-Léognan,92.0,16.5,96.0,53.00
77,Saint-Julien,95.0,17.5,94.0,62.00
78,Moulis,89.0,16,90.0,37.42
79,Pauillac,93.0,16,93.0,55.00
80,Pessac-Léognan,96.0,17,98.0,155.00
81,Margaux,87.0,,93.0,25.92
82,Saint-Estèphe,90.0,16,92.0,26.30
83,Pessac-Léognan,92.0,16.5,94.0,55.00
84,Margaux,89.0,15,92.5,27.00
85,Margaux,91.0,16,94.0,57.00
86,Pessac-Léognan,92.0,16,92.0,40.00
87,Saint-Emilion,91.0,16.5,93.0,48.00
88,Lalande de Pomerol,90.0,16.5,93.0,32.00
89,Saint-Estèphe,,15.5,91.0,23.00
90,Pauillac,89.0,16,,33.50
91,Haut-Médoc,86.0,,92.0,20.00
92,Margaux,87.0,15.5,91.0,75.00
93,Saint-Julien,91.0,16.5,94.0,53.00
94,Pessac-Léognan,95.0,17.5,99.0,99.00
95,Sauternes,98.0,17.5,,447.00
96,Sauternes,87.0,18,,47.00
97,Pauillac,,,91.5,35.00
98,Lalande de Pomerol,87.0,,91.0,20.00
99,Pauillac,89.0,16.5,,35.00
100,Saint-Emilion,97.0,17,97.0,330.00
101,Margaux,93.0,16,95.0,84.00
102,Sauternes,95.0,16.5,97.0,63.00
103,Saint-Emilion,93.0,15.5,91.0,46.83
104,Pessac-Léognan,91.0,16,94.0,42.00
105,Margaux,90.0,16,93.0,43.00
106,Saint-Emilion,98.0,16.5,96.0,850.00
107,Pauillac,93.0,17,95.0,52.00
108,Pessac-Léognan,91.0,16,92.0,44.50
109,Pomerol,98.0,16,97.0,295.00
110,Graves,89.0,16,90.0,22.00
111,Saint-Emilion,95.0,18.5,96.0,168.50
112,Margaux,100.0,18,100.0,975.00
113,Saint-Emilion,90.0,16,93.0,39.00
114,Saint-Julien,92.0,16,94.0,60.00
115,Bordeaux Blancs Secs,89.0,16,93.0,14.00
116,Haut-Médoc,,,,20.83
117,Haut-Médoc,88.0,16.5,92.0,25.00
118,Pomerol,93.0,15.5,96.0,96.67
119,Pomerol,87.0,15,94.0,37.50
120,Saint-Emilion,91.0,16-,94.0,39.00
121,Margaux,90.0,16.5,95.0,54.00
122,Margaux,91.0,17,94.0,46.00
123,Pauillac,93.0,16.5,99.0,149.00
124,Lalande de Pomerol,90.0,16,93.0,29.00
125,Pessac-Léognan,90.0,16,93.0,48.00
126,Pauillac,93.0,15,95.0,61.00
127,Pomerol,93.0,14,94.0,83.00
128,Saint-Estèphe,90.0,15,92.0,35.00
129,Pauillac,93.0,17.5,94.0,299.00
130,Saint-Estèphe,86.0,16.5,88.0,30.00
131,Saint-Estèphe,97.0,18.5,97.0,280.00
132,Moulis,89.0,14,92.0,42.08
133,Saint-Emilion,89.0,16,91.0,49.00
134,Pomerol,90.0,16.5,92.0,47.83
135,Saint-Emilion,93.0,15.5,93.0,69.00
136,Pauillac,94.0,16.5,95.0,115.50
137,Lalande de Pomerol,92.0,16.5,93.0,40.83
138,Saint-Julien,95.0,16.5,98.0,310.00
139,Pessac-Léognan,90.0,17,92.0,33.83
140,Pauillac,94.0,17,96.0,49.00
141,Haut-Médoc,87.0,17,93.0,64.50
142,Margaux,92.0,16.5,96.0,46.00
143,Barsac,95.0,17,94.0,47.00
144,Lalande de Pomerol,90.0,16,93.0,30.00
145,Moulis,92.0,16,92.0,44.17
146,Pomerol,91.0,16,94.0,34.00
147,Pessac-Léognan,96.0,17.5,99.0,179.00
148,Saint-Estèphe,91.0,,91.0,24.42
149,Barsac,94.0,16,91.0,79.00
150,Saint-Julien,97.0,18,99.0,389.00
151,Haut-Médoc,,,90.0,14.00
152,Pessac-Léognan,88.0,,95.0,31.50
153,Pauillac,90.0,15,91.5,40.67
154,Saint-Julien,95.0,15.5,93.0,58.00
155,Pessac-Léognan,95.0,18,98.0,275.00
156,Haut-Médoc,,,,146.00
157,Saint-Julien,94.0,16.5,96.0,58.00
158,Haut-Médoc,91.0,15.5,93.0,42.00
159,Saint-Julien,91.0,17,94.0,41.00
160,Saint-Emilion,96.0,14.5,98.0,180.00
161,Saint-Estèphe,99.0,16,98.0,368.00
162,Saint-Julien,92.0,16.5,94.0,47.00
163,Saint-Emilion,92.0,15.5,95.0,46.00
164,Saint-Emilion,87.0,16,94.0,43.00
165,Margaux,92.0,15.5,95.0,109.00
166,Saint-Emilion,96.0,16,98.0,149.00
167,Saint-Julien,94.0,18,97.0,113.00
168,Pessac-Léognan,96.0,16,97.0,199.00
169,Haut-Médoc,90.0,15.5,96.0,105.00
170,Francs Côtes de Bordeaux,88.0,16,94.0,25.50
171,Margaux,94.0,15.5,93.0,69.00
172,Saint-Julien,98.0,16,99.0,366.00
173,Haut-Médoc,88.0,,91.0,20.00
174,Pomerol,91.0,,93.0,43.25
175,Pomerol,88.0,,91.0,42.92
176,Haut-Médoc,85.0,15,93.0,32.00
177,Moulis,93.0,16.5,94.0,33.00
178,Haut-Médoc,89.0,,,11.00
179,Margaux,91.0,16.5,95.0,38.00
180,Haut-Médoc,93.0,17,95.0,52.00
181,Saint-Julien,94.0,17,96.0,88.42
182,Saint-Julien,91.0,16.5,92.0,82.00
183,Pauillac,92.0,16.5,94.0,49.00
184,Graves,,15.5,90.5,16.00
185,Saint-Julien,93.0,17.5,96.0,71.00
186,Saint-Estèphe,90.0,17,95.0,40.00
187,Sauternes,100.0,18,98.0,625.00
188,Haut-Médoc,92.0,16.5,92.5,34.00
189,Pessac-Léognan,92.0,16,92.0,35.33
190,Pauillac,89.0,17,96.0,42.00
191,Listrac,83.5,16,90.0,16.00
192,Haut-Médoc,92.0,16,94.0,39.00
193,Pessac-Léognan,91.0,,91.5,31.00
194,Saint-Estèphe,,15.5,92.0,23.50
195,Saint-Estèphe,92.0,15.5,96.0,52.00
196,Moulis,91.0,16,93.0,32.00
197,Saint-Emilion,91.0,16.5,94.0,33.00
198,Margaux,95.0,16.5,96.0,70.00
199,Saint-Estèphe,89.0,16.5,93.0,54.58
200,Pessac-Léognan,87.5,16.5,93.0,28.00
201,Pomerol,89.0,,91.0,32.00
202,Saint-Emilion,92.0,15.5,95.0,65.00
203,Saint-Emilion,89.0,16.5,94.0,42.92
204,Saint-Estèphe,94.0,,96.0,49.00
205,Margaux,90.0,16.5,93.0,38.00
206,Pauillac,90.0,16,93.0,48.00
207,Saint-Emilion,93.0,16,94.0,61.00
208,Saint-Julien,90.0,16.5,,25.50
209,Sauternes,94.0,17,98.0,365.00
210,Moulis,89.0,16.5,92.0,28.00
211,Listrac,85.0,16,88.5,14.00
212,Margaux,87.0,16,92.0,31.00
213,Saint-Julien,90.5,,93.0,27.00
214,Bordeaux,88.0,,89.0,10.92
215,Saint-Emilion,92.0,16.5,94.0,81.67
216,Saint-Emilion,,16,94.0,36.00
217,Saint-Estèphe,91.0,16,94.0,41.92
218,Pomerol,87.0,17,91.0,59.00
219,Pauillac,88.0,16,94.0,40.00
220,Margaux,91.0,16,94.0,55.00
221,Haut-Médoc,88.0,,,12.17
222,Saint-Emilion,,16,93.0,28.00
223,Saint-Emilion,89.5,,93.0,29.00
224,Pomerol,90.0,16.5,,40.50
225,Moulis,87.0,15.5,91.5,28.50
226,Margaux,88.0,,,24.00
227,Margaux,94.0,16,95.0,93.50
228,Margaux,,,91.0,32.50
229,Pomerol,91.0,16,93.0,40.00
230,Pomerol,92.0,16,96.0,92.00
231,Lalande de Pomerol,90.0,16,90.0,25.00
232,Moulis,88.0,16,,25.00
233,Pomerol,88.0,16.5,90.0,34.00
234,Graves,89.0,15.5,91.0,18.00
235,Montagne-Saint-Emilion,88.0,15,91.0,14.00
236,Saint-Emilion,92.0,,93.0,37.00
237,Pomerol,90.0,,92.0,42.00
238,Pessac-Léognan,91.0,17,94.0,42.00
239,Saint-Estèphe,92.0,18,93.0,36.00
240,Pessac-Léognan,90.0,16.5,94.0,36.42
241,Saint-Emilion,93.0,16.5,95.0,68.00
242,Margaux,90.0,16.5,92.0,36.00
243,Margaux,91.0,16.5,92.5,33.33
244,Margaux,92.0,15,94.0,60.00
245,Pomerol,90.0,,93.5,33.50
246,Saint-Emilion,89.0,16.5,94.0,42.00
247,Pessac-Léognan,90.0,16,93.0,31.00
248,Pomerol,89.0,,91.0,41.00
249,Pomerol,93.0,17.5,96.0,105.00
250,Haut-Médoc,85.0,16,93.0,36.00
251,Moulis,90.0,15.5,92.0,34.92
252,Moulis,86.0,16,93.0,35.00
253,Margaux,89.0,16,96.0,58.25
254,Saint-Emilion,88.0,16.5,91.0,31.00
255,Pessac-Léognan,92.0,16.5,94.0,37.00
256,Castillon Côtes de Bordeaux,88.0,15,89.5,28.50
257,Pessac-Léognan,91.0,15.5,92.0,25.00
258,Saint-Estèphe,91.0,17,92.0,34.50
259,Saint-Estèphe,89.0,16,91.0,19.00
260,Pauillac,92.0,16.5,98.0,140.00
261,Haut-Médoc,94.0,17,95.0,47.83
262,Saint-Julien,95.0,17,94.0,67.00
263,Pessac-Léognan,88.0,16,91.0,37.00
264,Saint-Estèphe,92.0,15.5,94.0,48.00
265,Margaux,90.0,15,93.0,24.92
266,Pomerol,92.0,16,92.0,40.00
267,Montagne-Saint-Emilion,88.0,15,92.0,27.50
268,Margaux,84.0,,92.5,24.00
269,Saint-Estèphe,90.0,17,93.0,41.83
270,Margaux,89.0,16.5,92.0,41.00
271,Lalande de Pomerol,,16.5,92.0,28.50
272,Pauillac,93.0,18,94.5,72.00
273,Margaux,90.0,15.5,93.0,47.00
274,Saint-Estèphe,92.0,17.5,94.0,64.00
275,Castillon Côtes de Bordeaux,90.0,15.5,93.0,27.50
276,Margaux,,,91.0,18.50
277,Pomerol,,,93.0,37.00
278,Saint-Emilion,90.0,16.5,93.5,44.00
279,Pauillac,93.0,16,94.0,90.00
280,Castillon Côtes de Bordeaux,90.0,15,90.0,25.50
281,Saint-Estèphe,90.0,16,92.5,36.00
282,Barsac,90.0,17,,73.33
283,Haut-Médoc,90.0,,89.5,16.25
284,Saint-Estèphe,90.0,15.5,92.0,37.00
285,Saint-Estèphe,89.0,17,92.0,27.00
286,Margaux,92.0,17,94.0,55.00
287,Saint-Julien,93.0,16.5,97.0,70.00
288,Saint-Emilion,87.0,,90.5,29.00
289,Lalande de Pomerol,,,91.5,24.50
290,Haut-Médoc,89.0,16,92.0,19.75
291,Pomerol,,,94.0,33.83
292,Pauillac,98.0,17.5,97.0,225.00
293,Saint-Emilion,93.0,16.5,94.0,41.00
294,Castillon Côtes de Bordeaux,89.0,15,93.0,27.00
295,Saint-Julien,87.0,16.5,89.5,71.67
296,Saint-Emilion,94.0,,92.5,67.00
297,Margaux,88.0,15.5,91.0,31.00
298,Saint-Emilion,95.0,,94.0,85.00
299,Pauillac,90.0,15.5,92.5,35.00
300,Pessac-Léognan,91.0,15.5,93.0,47.00
301,Pauillac,90.0,,92.5,29.00
302,Saint-Emilion,88.0,,95.0,36.00
303,Margaux,,,,20.50
304,Listrac,88.0,16,90.0,18.75
305,Haut-Médoc,,16.5,88.0,31.17
306,Pessac-Léognan,90.0,,93.0,25.50
307,Pauillac,95.0,18,99.0,165.00
308,Saint-Emilion,,,,22.50
309,Haut-Médoc,92.0,15.5,94.0,32.00
310,Margaux,94.0,16.5,95.0,116.00
311,Haut-Médoc,89.0,15.5,94.0,38.00
312,Pauillac,96.0,18.5,96.0,271.00
313,Haut-Médoc,90.0,16,92.0,29.67
314,Pessac-Léognan,93.0,16.5,95.0,50.50
315,Castillon Côtes de Bordeaux,89.0,14.5,91.0,21.00
316,Bordeaux,90.0,,92.5,9.33
317,Pessac-Léognan,92.0,16.5,96.0,74.00
318,Pessac-Léognan,90.0,16,95.0,28.67
319,Saint-Estèphe,89.0,16,92.0,21.00
320,Saint-Emilion,93.0,15,93.0,48.00
321,Pauillac,99.0,17.5,98.0,1150.00
322,Pomerol,92.0,16.5,96.0,53.00
323,Saint-Emilion,,,92.0,21.50
324,Saint-Julien,92.0,15.5,96.0,119.17
325,Saint-Julien,90.0,,,22.00
326,Saint-Emilion,93.0,16,94.0,36.42
327,Pauillac,85.0,14.5,93.0,36.00
328,Saint-Estèphe,,,92.0,17.50
329,Pessac-Léognan,94.0,16,98.0,103.00
330,Saint-Emilion,93.0,15.5,93.5,52.00
331,Saint-Emilion,93.0,16,93.0,52.00
332,Saint-Emilion,89.0,16,92.0,63.00
333,Pessac-Léognan,89.0,14,90.5,31.00
334,Castillon Côtes de Bordeaux,92.0,16.5,93.0,30.00
335,Barsac,95.0,16.5,95.0,46.67
336,Pauillac,90.0,15.5,94.0,37.00
337,Saint-Estèphe,87.0,14.5,93.0,28.50
338,Pomerol,90.0,14.5,95.0,45.00
339,Saint-Julien,,16.5,92.0,26.50
340,Saint-Estèphe,87.0,16,92.0,33.00
341,Pauillac,92.0,17,93.0,66.00
342,Saint-Emilion,91.0,17,93.0,42.00
343,Saint-Emilion,94.0,,93.0,79.00
344,Saint-Estèphe,90.0,16.5,93.0,34.00
345,Sauternes,,15.5,,25.00
346,Saint-Estèphe,,15.5,88.5,21.67
347,Haut-Médoc,89.0,16.5,92.0,79.00
348,Saint-Emilion,,,,24.50
349,Saint-Estèphe,93.0,15.5,93.0,52.00
350,Margaux,92.0,17,94.0,40.50
351,Pessac-Léognan,95.0,16.5,97.0,88.00
352,Pauillac,93.0,16.5,95.0,65.00
353,Pauillac,92.0,17,94.5,67.00
354,Haut-Médoc,,,90.0,24.00
355,Pessac-Léognan,93.0,16.5,92.0,45.25
356,Pomerol,91.0,,93.5,30.00
357,Haut-Médoc,,15.5,90.0,19.75
358,Saint-Julien,90.0,16,94.0,73.00
359,Margaux,,,92.0,24.00
360,Saint-Julien,94.0,17.5,96.0,139.00
361,Pessac-Léognan,95.0,16,91.0,42.00
362,Pauillac,,17,99.0,150.00
363,Pessac-Léognan,90.0,16,92.0,25.00
364,Margaux,88.0,17,95.0,79.00
365,Médoc,90.0,16,93.0,29.00
366,Saint-Emilion,96.0,18,98.0,498.00
367,Haut-Médoc,89.0,15.5,92.0,27.00
368,Saint-Estèphe,,15.5,92.0,22.00
369,Saint-Emilion,90.0,16.5,94.0,42.00
370,Margaux,92.0,16,95.5,70.00
371,Pomerol,91.0,,92.0,33.00
372,Saint-Emilion,91.0,16,94.0,38.50
373,Pomerol,87.0,16.5,91.0,51.00
374,Margaux,,,92.0,23.00
375,Haut-Médoc,89.0,16,90.0,14.00
376,Moulis,84.0,16,94.0,39.00
377,Pauillac,94.0,17.5,97.0,115.00
378,Saint-Emilion,,16.5,95.0,32.50
379,Sauternes,93.0,17,94.0,61.33
380,Saint-Julien,95.0,17.5,99.0,138.00
381,Pessac-Léognan,92.0,,95.0,27.50
382,Pessac-Léognan,93.0,16.5,95.0,39.83
383,Médoc,87.0,16,91.0,31.00
384,Moulis,88.0,16,92.0,28.50
385,Castillon Côtes de Bordeaux,91.0,15,93.0,30.00
386,Saint-Estèphe,90.0,16.5,92.0,24.00
387,Pessac-Léognan,,15.5,89.5,22.00
388,Haut-Médoc,92.0,16,94.0,32.00
389,Saint-Emilion,90.0,15.5,93.0,54.00
390,Castillon Côtes de Bordeaux,91.0,16,94.0,29.00
391,Saint-Estèphe,91.0,17.5,94.0,46.00
392,Saint-Julien,93.0,15.5,92.5,61.00
393,Pessac-Léognan,93.0,16.5,94.0,41.00
394,Castillon Côtes de Bordeaux,92.0,16,94.0,30.00
395,Pomerol,92.0,16.5,95.0,52.00
396,Saint-Julien,93.0,17,96.0,75.00
397,Saint-Julien,95.0,16.5,93.0,64.00
398,Sauternes,90.0,,,25.50
399,Saint-Emilion,93.0,16.5,94.0,76.00
400,Pauillac,94.0,18,98.0,165.00
401,Saint-Julien,93.0,16.5,96.0,46.00
402,Médoc,89.0,16.5,92.5,25.50
403,Saint-Emilion,94.0,16,94.0,85.00
404,Moulis,91.0,16.5,94.0,38.83
405,Saint-Estèphe,90.0,16,92.0,23.00
406,Pauillac,92.0,17.5,94.0,58.00
407,Pomerol,92.0,15.5,96.0,59.00
408,Saint-Julien,90.0,,,26.00
409,Saint-Estèphe,93.0,17,95.0,37.00
410,Sauternes,96.0,16,99.0,470.00
411,Barsac,94.0,16,94.0,45.83
412,Pomerol,89.0,17,94.0,122.00
413,Pessac-Léognan,89.0,,90.0,21.00
414,Pessac-Léognan,96.0,17.5,98.0,90.00
415,Montagne-Saint-Emilion,,,89.5,12.00
416,Castillon Côtes de Bordeaux,91.0,16,92.5,24.50
417,Castillon Côtes de Bordeaux,92.0,16,92.0,23.00
418,Saint-Emilion,90.0,16.5,94.0,37.00
419,Sauternes,95.0,17.5,97.0,445.00
420,Pauillac,89.0,16,95.0,50.00
421,Pomerol,,,90.0,33.00
422,Pomerol,91.5,,93.0,63.00
423,Haut-Médoc,,,91.5,11.33
424,Margaux,96.0,17,98.0,79.00
425,Haut-Médoc,86.0,16,95.0,35.00
426,Saint-Julien,88.0,16.5,94.0,89.00
427,Pauillac,,,91.5,32.25
428,Castillon Côtes de Bordeaux,91.0,16,,50.00
429,Margaux,91.0,17,94.0,62.42
430,Saint-Estèphe,,16.5,95.0,49.00
431,Médoc,91.0,16.5,96.0,30.67
432,Saint-Estèphe,92.0,16,94.0,43.00
433,Castillon Côtes de Bordeaux,,,,45.67
434,Pauillac,97.0,17,96.0,310.00
435,Sauternes,96.0,18.5,98.0,375.00
436,Pessac-Léognan,92.0,16,95.0,39.50
437,Pomerol,91.0,16,97.0,57.17
438,Haut-Médoc,87.0,16.5,90.0,19.92
439,Saint-Emilion,91.0,16.5,91.5,31.50
440,Saint-Emilion,93.0,17,93.0,125.00
441,Listrac,91.0,16,90.5,16.33
442,Haut-Médoc,91.0,,94.5,33.00
443,Fronsac,90.0,15.5,92.0,24.00
444,Pomerol,91.0,17.5,93.0,130.00
445,Sauternes,94.0,16,95.0,58.00
446,Saint-Emilion,92.0,16,94.0,55.00
447,Pauillac,95.0,17.5,98.0,249.67
448,Saint-Estèphe,91.0,17.5,94.0,35.00
449,Saint-Emilion,93.0,16,95.0,39.00
450,Pessac-Léognan,92.0,15.5,93.0,47.00
451,Saint-Emilion,100.0,18,99.0,240.00
452,Margaux,94.0,17,95.0,67.00
453,Fronsac,86.0,15.5,91.5,19.00
454,Pessac-Léognan,90.0,16.5,93.0,41.00
455,Saint-Estèphe,,,,20.00
456,Pauillac,91.0,16,92.5,31.50
457,Saint-Emilion,95.0,16,97.0,107.00
458,Saint-Emilion,94.0,16.5,98.0,120.00
459,Margaux,88.0,16.5,94.0,28.08
460,Haut-Médoc,,16,94.0,32.00
461,Lalande de Pomerol,89.0,,91.0,21.00
462,Pauillac,92.0,17.5,96.0,279.00
463,Haut-Médoc,91.0,16,92.0,35.00
464,Saint-Emilion,92.0,,92.0,35.00
465,Pomerol,93.0,17,95.0,99.00
466,Fronsac,88.0,,89.5,13.50
467,Listrac,86.0,15.5,89.0,15.00
468,Castillon Côtes de Bordeaux,92.0,16.5,94.0,27.50
469,Saint-Emilion,93.0,15.5,,38.00
470,Pauillac,94.0,17,96.5,79.00
471,Saint-Julien,93.0,17.5,97.0,69.00
472,Pessac-Léognan,98.0,18.5,100.0,740.00
473,Haut-Médoc,90.0,14.5,91.0,17.50
474,Canon-Fronsac,92.0,,91.0,27.00
475,Pauillac,94.0,16.5,96.0,85.00
476,Saint-Emilion,87.0,15.5,,40.00
477,Haut-Médoc,93.0,,95.0,43.67
478,Saint-Estèphe,94.0,16.5,98.0,265.00
479,Pomerol,91.0,,92.0,90.00
480,Médoc,86.0,15,90.0,29.00
481,Saint-Estèphe,78.0,14,94.0,43.33
482,Pessac-Léognan,88.0,16.5,93.0,35.00
483,Pessac-Léognan,99.0,17.5,98.0,775.00
484,Saint-Emilion,90.0,14.5,92.0,35.00
485,Saint-Emilion,97.0,17.5,97.0,85.00
486,Bordeaux Blancs Secs,,14.5,,24.00
487,Saint-Emilion,95.0,16.5,97.0,114.33
488,Saint-Emilion,98.0,16.5,97.0,134.17
489,Pauillac,88.0,17,93.0,56.00
490,Pomerol,92.0,16.5,93.0,107.00
491,Médoc,90.0,16,93.5,23.50
492,Saint-Emilion,90.0,15.5,92.0,22.50
493,Saint-Emilion,93.0,16,93.5,30.50
494,Saint-Emilion,93.0,15.5,95.0,38.00
495,Pomerol,,,,38.00
496,Pessac-Léognan,94.0,16.5,99.5,153.00
497,Bordeaux Blancs Secs,88.0,,,12.50
498,Pomerol,89.0,16,93.0,39.00
499,Margaux,93.0,16,93.0,52.00
500,Saint-Julien,94.0,16.5,95.0,63.00
501,Haut-Médoc,,,92.0,21.00
502,Saint-Estèphe,93.0,,94.5,42.00
503,Saint-Emilion,87.0,14.5,89.0,20.00
504,Pauillac,,,92.5,33.00
505,Saint-Emilion,92.0,16,91.0,25.50
506,Saint-Emilion,91.0,15.5,94.0,23.50
507,Pessac-Léognan,97.0,18,98.0,799.33
508,Pessac-Léognan,95.0,16.5,97.5,66.00
509,Pauillac,93.0,16,93.0,254.00
510,Saint-Julien,93.0,16.5,94.5,54.00
511,Saint-Emilion,88.0,15.5,88.5,21.00
512,Saint-Estèphe,91.0,16.5,93.0,29.00
513,Saint-Emilion,91.0,15.5,93.0,24.50
514,Barsac,95.0,16.5,92.0,45.00
515,Pauillac,100.0,17,99.0,1290.00
516,Pomerol,,16.5,95.0,33.00
517,Saint-Emilion,95.0,16,97.0,110.00
518,Pomerol,93.0,16.5,96.0,99.00
519,Haut-Médoc,86.0,16,88.5,16.00
520,Margaux,90.0,,97.0,70.67
521,Saint-Emilion,90.0,16,94.0,23.00
522,Pomerol,93.0,16.5,94.0,72.83
523,Saint-Julien,91.0,16.5,93.5,32.50
524,Saint-Julien,91.0,16.5,94.0,55.00
525,Saint-Julien,94.0,17,93.5,89.00
526,Saint-Emilion,89.0,16,93.0,28.50
527,Haut-Médoc,90.0,14,,61.00
528,Saint-Emilion,93.0,16.5,95.0,36.42
529,Margaux,90.0,16.5,94.5,30.17
530,Saint-Emilion,95.0,16.5,97.0,139.00
531,Pessac-Léognan,92.0,17,94.0,34.33
532,Pomerol,93.0,16,94.0,105.00
533,Saint-Emilion,86.0,16,92.0,19.50
534,Pessac-Léognan,92.5,15,95.0,91.00
535,Pessac-Léognan,91.0,,94.0,26.00
536,Saint-Emilion,90.0,15.5,92.0,22.50
537,Pessac-Léognan,93.0,17.5,97.0,97.00
538,Pomerol,93.0,,94.0,85.00
539,Pauillac,92.0,,94.5,51.17
540,Saint-Estèphe,90.0,16.5,93.0,59.00
541,Moulis,90.0,15.5,92.5,29.33
542,Pessac-Léognan,90.0,16.5,92.0,29.50
543,Moulis,90.0,16.5,92.5,25.00
544,Barsac,94.0,17.5,,124.83
545,Pessac-Léognan,92.0,16,93.5,33.00
546,Saint-Emilion,98.0,18,100.0,395.00
547,Saint-Emilion,91.0,15,92.0,23.50
548,Saint-Emilion,,16.5,94.5,66.00
549,Saint-Emilion,91.0,16.5,94.0,24.50
550,Pessac-Léognan,88.0,,93.0,22.33
551,Lalande de Pomerol,,17,91.0,20.00
552,Haut-Médoc,,,90.0,16.50
553,Saint-Estèphe,92.0,17,95.0,62.00
554,Saint-Estèphe,94.0,18,99.0,282.00
555,Margaux,85.0,15,93.0,47.00
556,Pauillac,92.0,16.5,92.0,54.00
557,Saint-Emilion,89.0,14.5,92.0,93.00
558,Puisseguin-Saint-Emilion,88.0,,93.5,51.67
559,Saint-Emilion,92.0,16.5,93.0,24.50
560,Pauillac,97.0,16.5,97.5,98.00
561,Canon-Fronsac,91.0,,92.0,22.83
562,Pauillac,91.0,17.5,95.0,65.00
563,Pomerol,86.0,16,91.0,38.00
564,Margaux,92.0,16.5,96.0,45.00
565,Saint-Emilion,92.0,16,93.0,24.00
566,Saint-Emilion,90.5,16,92.5,135.83
567,Saint-Emilion,91.0,16.5,93.5,249.17
568,Pessac-Léognan,94.0,16.5,93.0,45.50
569,Pessac-Léognan,90.0,,93.0,24.00
570,Margaux,96.0,18,98.0,133.00
571,Saint-Emilion,92.0,16,92.5,36.00
572,Pauillac,97.0,17.5,97.0,270.00
573,Saint-Emilion,92.0,16.5,96.0,99.00
574,Pauillac,97.0,19,100.0,850.00
575,Saint-Emilion,95.0,17,97.0,140.00
576,Saint-Julien,93.5,17,95.5,48.00
577,Saint-Emilion,90.0,16,92.5,41.00
578,Saint-Estèphe,92.0,16,93.5,29.00
579,Pessac-Léognan,100.0,18.5,97.0,890.00
580,Barsac,94.0,17.5,94.0,46.00
581,Médoc,88.0,,92.0,20.00
582,Pauillac,94.0,16,95.0,75.00
583,Saint-Emilion,91.0,15,88.5,54.00
584,Margaux,,16.5,93.0,38.00
585,Margaux,97.0,18,98.0,450.00
586,Pomerol,95.0,16,95.0,120.00
587,Pessac-Léognan,97.0,18,97.0,640.00
588,Saint-Julien,94.0,16,96.0,137.50
589,Médoc,90.0,15,94.0,35.33
590,Pessac-Léognan,,16,94.0,33.00
591,Pauillac,92.0,16.5,95.0,109.00
592,Pauillac,94.0,17.5,97.5,106.00
593,Sauternes,91.0,,91.0,24.00
594,Saint-Julien,94.0,,94.5,47.00
595,Pomerol,89.0,16,93.0,57.00
596,Saint-Estèphe,90.5,16.5,93.5,24.50
597,Pomerol,91.0,,92.5,31.00
598,Pessac-Léognan,95.0,,93.5,30.50
599,Saint-Emilion,87.0,16.5,93.0,46.00
600,Saint-Estèphe,90.0,16,94.0,32.00
601,Haut-Médoc,82.0,14,90.5,32.00
602,Listrac,91.0,15.5,90.0,18.00
603,Margaux,97.0,17.5,98.0,399.00
604,Haut-Médoc,,,91.0,15.08
605,Haut-Médoc,91.0,16.5,94.5,36.83
606,Saint-Julien,93.0,16.5,94.5,46.00
607,Pauillac,98.0,17.5,98.0,208.50
608,Saint-Emilion,,16.5,94.0,34.00
609,Saint-Emilion,92.0,16,93.0,38.00
610,Canon-Fronsac,90.0,,91.5,21.00
611,Margaux,94.0,16.5,95.5,48.00
612,Saint-Emilion,93.0,16,96.0,85.00
613,Pessac-Léognan,95.0,17.5,96.0,335.00
614,Saint-Emilion,95.0,16,95.0,105.00
615,Pauillac,93.0,17,95.0,143.00
616,Saint-Emilion,95.0,16.5,96.0,103.67
617,Pessac-Léognan,,16,92.5,30.00
618,Saint-Julien,94.0,16.5,95.5,83.00
619,Saint-Emilion,89.0,,95.0,32.00
620,Haut-Médoc,90.0,16,92.0,22.00
621,Pauillac,88.0,16.5,95.0,43.67
622,Saint-Emilion,94.0,17,97.0,136.00
623,Margaux,89.0,16,93.0,50.00
624,Saint-Emilion,94.0,16.5,98.5,72.00
625,Lalande de Pomerol,91.0,16.5,95.0,122.00
626,Castillon Côtes de Bordeaux,91.0,16,95.0,25.50
627,Pessac-Léognan,92.0,,91.5,23.42
628,Pauillac,92.0,16.5,95.5,193.50
629,Pauillac,93.0,16.5,95.0,61.00
630,Pomerol,90.0,,93.0,35.00
631,Pessac-Léognan,88.0,,92.5,103.33
632,Margaux,,16,93.5,40.00
633,Margaux,94.0,,96.5,49.00
634,Sauternes,93.0,,,69.58
635,Saint-Emilion,92.0,17,97.5,132.00
636,Pomerol,89.0,,91.5,29.00
637,Saint-Julien,95.0,17.5,98.0,289.00
638,Médoc,90.0,16.5,94.0,30.58
639,Pauillac,90.0,16.5,,31.00
640,Saint-Emilion,92.0,16,93.0,34.33
641,Saint-Julien,91.0,16,93.5,185.83
642,Margaux,94.0,17,95.5,64.83
643,Pomerol,89.0,16,95.5,69.83
644,Saint-Emilion,84.0,,95.0,39.00
645,Saint-Emilion,,16.5,94.0,37.42
646,Margaux,90.0,,92.5,25.00
647,Pauillac,91.0,15.5,93.0,58.00
648,Pessac-Léognan,96.0,17,99.0,162.17
649,Pauillac,94.0,17.5,96.0,95.00
650,Saint-Estèphe,95.5,17.5,98.5,166.00
651,Saint-Julien,94.0,16.5,96.0,78.00
652,Pauillac,90.0,15,,25.00
653,Pessac-Léognan,91.0,16,93.5,28.83
654,Pessac-Léognan,89.0,16.5,,29.50
655,Pessac-Léognan,94.0,16,95.5,145.00
656,Pauillac,95.0,16.5,95.5,420.00
657,Pauillac,,16,94.5,36.17
658,Pomerol,92.0,16,92.0,75.00
659,Pessac-Léognan,92.0,15.5,95.0,41.00
660,Margaux,95.0,17,,89.00
661,Pomerol,89.0,,,36.00
662,Pauillac,,16,,48.00
663,Pauillac,88.0,17,94.5,420.00
664,Saint-Julien,96.0,17,96.0,116.00
665,Saint-Emilion,92.0,15.5,94.0,37.00
666,Saint-Julien,86.5,,,109.17
667,Margaux,88.0,16,94.0,22.92
668,Saint-Estèphe,91.0,16,93.0,44.00
669,Sauternes,93.0,17,93.0,55.00
670,Saint-Emilion,89.0,,91.0,18.00
671,Margaux,91.5,16,93.5,35.00
672,Saint-Emilion,,16.5,95.5,28.00
673,Haut-Médoc,87.0,15,91.0,17.50
674,Saint-Emilion,93.0,15.5,95.0,40.00
675,Pessac-Léognan,91.0,,93.0,37.42
676,Saint-Estèphe,97.0,17,95.0,165.00
677,Saint-Emilion,95.0,17,97.5,101.67
678,Bordeaux Blancs Secs,92.0,,,21.67
679,Pessac-Léognan,92.0,16.5,96.0,175.00
680,Saint-Emilion,99.0,18,98.5,571.67
681,Saint-Emilion,92.0,,89.0,69.00
682,Pessac-Léognan,94.0,16.5,95.5,66.00
683,Castillon Côtes de Bordeaux,90.0,16,91.5,17.00
684,Saint-Emilion,92.0,16,95.5,31.67
685,Margaux,95.0,16.5,96.5,60.00
686,Saint-Emilion,90.0,16,94.0,43.00
687,Saint-Julien,89.0,16.5,93.5,226.67
688,Pomerol,84.0,16,94.0,80.00
689,Haut-Médoc,,,90.0,14.50
690,Haut-Médoc,85.0,16,93.5,142.50
691,Pauillac,100.0,18.5,100.0,895.00
692,Saint-Emilion,91.0,15.5,94.0,69.00
693,Pessac-Léognan,92.0,16,93.0,80.00
694,Saint-Emilion,94.0,17.5,94.0,415.00
695,Saint-Emilion,96.0,,96.0,78.00
696,Saint-Emilion,92.0,16,93.0,40.58
697,Saint-Emilion,96.0,16.5,94.5,245.00
698,Saint-Julien,,16,92.5,30.00
699,Pomerol,91.0,16,93.0,89.00
700,Pomerol,,,94.0,98.50
701,Saint-Emilion,91.0,16,95.0,53.00
702,Pomerol,,,95.5,66.00
703,Margaux,94.0,16.5,97.0,71.00
704,Pessac-Léognan,,15.5,91.5,160.00
705,Pessac-Léognan,85.5,15,91.0,19.50
706,Sauternes,89.0,,91.0,23.00
707,Sauternes,84.0,17,,32.00
708,Saint-Emilion,97.0,17,99.5,136.00
709,Saint-Julien,,16,93.5,54.00
710,Haut-Médoc,90.5,,92.5,130.00
711,Saint-Emilion,100.0,18,99.0,389.00
712,Pomerol,91.0,16,91.5,87.00
713,Saint-Emilion,,,92.0,29.00
714,Saint-Estèphe,92.5,16.5,94.0,45.00
715,Sauternes,91.0,15.5,92.0,41.00
716,Fronsac,90.0,16.5,93.0,22.92
717,Pauillac,95.0,17.5,97.0,95.00
718,Pauillac,96.0,17,96.0,120.00
719,Saint-Estèphe,93.0,16,95.0,199.00
720,Sauternes,96.0,15.5,98.0,70.67
721,Lalande de Pomerol,91.0,,91.5,16.50
722,Saint-Julien,95.0,17.5,96.5,85.00
723,Margaux,91.0,17,94.0,57.17
724,Saint-Emilion,,16.5,92.0,30.00
725,Moulis,83.0,15.5,90.0,28.00
726,Saint-Emilion,91.0,16,92.0,67.00
727,Pauillac,90.0,15.5,91.0,46.00
728,Barsac,,17,94.5,41.50
729,Pomerol,,,89.0,31.00
730,Barsac,96.0,17,96.0,89.00
731,Pessac-Léognan,92.0,16,94.0,47.00
732,Saint-Emilion,93.0,16.5,94.0,37.50
733,Saint-Emilion,92.0,16.5,93.0,41.08
734,Saint-Estèphe,95.0,17,96.5,115.00
735,Pauillac,90.0,16,95.5,251.67
736,Margaux,90.0,16,92.0,64.00
737,Margaux,95.0,17,96.0,64.00
738,Pessac-Léognan,87.0,15.5,91.5,23.00
739,Saint-Emilion,91.0,15.5,93.0,53.00
740,Margaux,95.0,16,96.5,370.00
741,Saint-Emilion,94.0,16,95.0,122.00
742,Pomerol,91.0,15.5,93.0,43.00
743,Fronsac,85.0,,92.0,24.00
744,Saint-Emilion,92.0,16.5,92.0,49.00
745,Pauillac,91.0,16,92.5,27.00
746,Margaux,,16,92.5,31.00
747,Pauillac,89.0,,94.0,53.00
748,Saint-Emilion,91.0,16,96.0,79.00
749,Saint-Julien,91.0,16,95.0,52.00
750,Saint-Estèphe,91.0,16,94.0,27.83
751,Saint-Emilion,90.0,16,91.5,32.00
752,Fronsac,84.0,,91.0,19.50
753,Pomerol,,,91.5,130.00
754,Saint-Julien,90.0,16.5,94.0,79.00
755,Margaux,87.0,16.5,92.5,27.00
756,Margaux,86.0,16.5,90.5,29.00
757,Saint-Emilion,94.0,16.5,95.5,384.67
758,Barsac,94.0,18,,103.00
759,Pauillac,97.0,17.5,99.0,192.33
760,Saint-Julien,97.0,18,98.0,319.00
761,Saint-Estèphe,92.0,16,94.5,36.50
762,Fronsac,88.5,,92.0,20.00
763,Pessac-Léognan,95.0,15.5,96.5,132.00
764,Pauillac,98.0,18,100.0,1050.00
765,Saint-Estèphe,92.0,16,93.5,45.50
766,Haut-Médoc,,,88.5,19.83
767,Pomerol,89.0,16.5,90.5,69.58
768,Pessac-Léognan,93.0,16,91.5,35.50
769,Haut-Médoc,89.0,16,90.0,60.00
770,Pauillac,88.0,16,,113.33
771,Pauillac,87.0,,92.5,160.00
772,Pessac-Léognan,97.0,17.5,97.0,180.00
773,Pomerol,83.0,15,94.0,104.00
774,Sauternes,,,88.0,25.00
775,Saint-Estèphe,91.0,16,93.5,185.83
776,Margaux,88.0,15.5,92.0,43.08
777,Saint-Julien,,17,96.5,179.00
778,Saint-Julien,93.0,17,95.5,341.67
779,Haut-Médoc,,,,16.00
780,Saint-Emilion,94.0,16.5,96.0,88.00
781,Saint-Emilion,,16,92.0,24.50
782,Saint-Emilion,92.0,16.5,93.0,135.00
783,Saint-Emilion,,,93.0,30.00
784,Sauternes,97.0,19,95.0,525.00
785,Pessac-Léognan,88.0,,92.0,22.00
786,Saint-Estèphe,90.0,16,93.0,29.00
787,Pauillac,94.0,16,95.5,40.00
788,Margaux,,,91.0,29.50
789,Haut-Médoc,,,91.0,16.50
790,Saint-Emilion,84.0,16,93.5,119.17
791,Saint-Emilion,97.0,17.5,99.0,519.00
792,Pessac-Léognan,92.0,,91.5,140.00
793,Saint-Emilion,,,91.5,85.00
794,Pomerol,91.0,,94.5,29.00
795,Saint-Estèphe,100.0,17.5,100.0,535.00
796,Sauternes,95.0,17.5,96.5,75.00
797,Pauillac,93.0,,95.0,56.00
798,Pomerol,81.0,16,87.5,27.00
799,Margaux,,,89.5,20.00
800,Pomerol,94.0,17,95.0,135.17
801,Bordeaux Blancs Secs,90.0,,93.0,90.00
802,Saint-Estèphe,87.0,16.5,91.5,113.33
803,Margaux,98.0,19,100.0,1190.00
804,Pauillac,94.0,16.5,95.5,69.00
805,Pomerol,94.5,17,95.5,86.00
806,Lalande de Pomerol,,17,92.5,18.50
807,Pomerol,90.0,,92.0,30.00
808,Margaux,90.0,17,94.5,251.67
809,Saint-Emilion,90.0,17,92.0,43.00
810,Saint-Estèphe,87.5,16.5,93.5,28.00
811,Saint-Emilion,,16.5,95.5,325.00
812,Saint-Julien,100.0,18,100.0,465.00
813,Haut-Médoc,,16.5,,294.00
814,Pessac-Léognan,92.0,16.5,92.0,33.83
815,Saint-Emilion,91.0,16,94.0,42.00
816,Canon-Fronsac,,,92.5,22.00
817,Saint-Julien,94.0,17.5,95.0,109.17
818,Saint-Estèphe,92.0,17,96.5,46.00
819,Bordeaux Blancs Secs,,17,,22.00
820,Margaux,89.0,16,94.5,48.00
821,Sauternes,90.0,17,88.0,49.00
822,Margaux,93.0,16.5,95.5,88.00
823,Médoc,85.0,,93.0,16.67
824,Pomerol,84.0,16.5,89.5,28.00
825,Haut-Médoc,,,92.0,21.50
826,Saint-Emilion,92.0,,93.0,33.00
827,Pauillac,88.0,17,96.0,260.00
828,Pomerol,87.0,,90.5,39.00
829,Saint-Estèphe,92.0,16,93.5,24.50
830,Pessac-Léognan,93.0,16.5,97.5,84.83
831,Pauillac,95.0,16.5,94.5,195.00
832,Bordeaux Blancs Secs,,,,27.33
833,Saint-Estèphe,94.0,17.5,96.5,588.33
834,Pessac-Léognan,91.0,,93.5,22.67
835,Saint-Emilion,95.0,17,96.5,1950.00
836,Margaux,94.0,16,96.5,56.17
837,Saint-Julien,,,92.0,25.00
838,Sauternes,90.0,16.5,,55.00
839,Graves,,16,92.0,18.00
840,Pessac-Léognan,91.0,17-,94.0,52.00
841,Pauillac,96.0,18,93.0,199.00
842,Castillon Côtes de Bordeaux,92.0,15.5,92.0,23.50
843,Margaux,92.0,16,94.0,133.00
844,Francs Côtes de Bordeaux,91.0,,93.0,20.83
845,Saint-Emilion,91.0,16,98.0,89.00
846,Pessac-Léognan,100.0,18,99.0,440.00
847,Saint-Emilion,,,93.0,33.83
848,Saint-Emilion,,16,93.0,30.67
849,Pessac-Léognan,94.0,18,97.0,105.00
850,Moulis,89.0,16,89.5,21.17
851,Pauillac,,,,72.00
852,Médoc,87.0,16,88.0,45.00
853,Fronsac,92.0,16.5,94.0,25.00
854,Saint-Emilion,95.0,15.5,96.0,90.00
855,Saint-Julien,94.0,16,94.5,43.00
856,Saint-Estèphe,92.0,16,92.5,19.00
857,Pomerol,94.0,16.5,95.0,100.83
858,Saint-Emilion,97.0,17,98.0,599.00
859,Margaux,,15,90.0,19.50
860,Pauillac,92.0,18,97.0,63.00
861,Pessac-Léognan,96.0,17.5,98.0,380.00
862,Saint-Emilion,93.0,17,94.0,47.83
863,Saint-Julien,96.0,17,96.5,235.00
864,Margaux,,,92.0,26.00
865,Pomerol,92.0,16,93.5,99.00
866,Saint-Julien,94.0,16.5,96.0,86.00
867,Francs Côtes de Bordeaux,91.0,,94.0,43.33
868,Saint-Emilion,96.0,,98.0,190.00
869,Pessac-Léognan,95.0,19,,390.00
870,Saint-Emilion,94.0,15.5,94.0,70.00
871,Pauillac,91.0,17,92.0,48.00
872,Saint-Julien,,16.5,94.5,408.33
873,Pessac-Léognan,,16,91.5,18.83
874,Saint-Emilion,91.0,,94.0,41.00
875,Saint-Julien,93.0,17,95.0,109.00
876,Haut-Médoc,,15.5,91.5,19.00
877,Saint-Emilion,94.0,16,93.0,55.00
878,Pomerol,90.0,15.5,95.5,53.00
879,Saint-Estèphe,91.0,15.5,92.5,165.00
880,Pauillac,97.0,17.5,95.0,399.00
881,Sauternes,89.0,15.5,,44.00
882,Saint-Emilion,91.0,16.5,93.0,36.00
883,Margaux,91.0,16.5,97.0,76.00
884,Margaux,92.0,16.5,93.0,43.00
885,Pomerol,91.0,16.5,95.0,111.33
886,Pessac-Léognan,99.0,18,100.0,875.00
887,Pomerol,91.0,,93.0,66.00
888,Haut-Médoc,90.0,,91.0,18.67
889,Pauillac,,15.5,,26.00
890,Margaux,95.0,17,98.0,620.00
891,Margaux,93.0,16,94.0,42.00
892,Sauternes,83.0,,,20.00
893,Margaux,,,92.0,39.00
894,Saint-Julien,91.0,16.5,93.5,49.00
895,Lalande de Pomerol,87.0,,89.0,17.17
896,Saint-Emilion,,16.5,93.5,26.17
897,Margaux,94.0,16.5,93.5,251.67
898,Haut-Médoc,,14.5,92.0,17.17
899,Saint-Emilion,89.0,,92.0,62.00
900,Saint-Estèphe,91.0,16.5,94.0,51.00
901,Pessac-Léognan,89.0,,94.0,24.00
902,Pauillac,100.0,17.5,99.0,275.00
903,Sauternes,80.0,15,,37.00
904,Pessac-Léognan,96.0,17.5,98.0,179.00
905,Saint-Emilion,97.0,17.5,97.0,490.00
906,Saint-Estèphe,94.0,16.5,96.5,428.33
907,Saint-Emilion,93.0,16,92.0,42.00
908,Saint-Estèphe,94.0,16.5,96.5,594.17
909,Pauillac,92.0,17,95.0,57.00
910,Saint-Emilion,90.0,15.5,94.0,40.00
911,Saint-Emilion,,16,94.5,28.67
912,Bordeaux,,17,,20.00
913,Pomerol,92.0,16,95.0,99.00
914,Saint-Emilion,,15,89.5,37.00
915,Sauternes,95.0,16,93.0,133.00
916,Saint-Julien,89.0,17,92.5,142.50
917,Pomerol,93.0,17,96.0,79.00
918,Sauternes,93.0,17.5,92.0,49.33
919,Sauternes,90.0,16,95.5,77.00
920,Barsac,95.0,16.5,96.0,44.00
921,Pomerol,,,92.5,35.00
922,Saint-Emilion,91.0,,92.0,30.00
923,Saint-Julien,90.0,16.5,94.5,335.83
924,Saint-Emilion,88.0,,,30.00
925,Médoc,89.0,16,92.0,33.33
926,Saint-Emilion,94.0,17,99.0,215.00
927,Saint-Emilion,97.0,17.5,97.5,245.00
928,Saint-Emilion,91.0,16,92.0,47.00
929,Haut-Médoc,90.0,16,93.0,19.50
930,Pomerol,91.0,15,90.5,53.00
931,Saint-Emilion,89.0,15,93.0,39.00
932,Saint-Emilion,93.0,14,94.5,101.00
933,Margaux,93.0,16.5,94.0,49.92
934,Saint-Emilion,,,92.0,26.00
935,Saint-Julien,93.0,18.5,96.0,65.00
936,Saint-Julien,95.0,17.5,97.5,199.00
937,Pessac-Léognan,95.0,17,93.0,289.00
938,Pauillac,95.0,18,96.0,99.00
939,Saint-Emilion,96.0,17,98.0,119.00
940,Montagne-Saint-Emilion,,,91.5,21.83
941,Saint-Julien,92.0,16.5,93.0,106.00
942,Margaux,93.0,16.5,94.0,60.00
943,Saint-Emilion,91.0,16,95.0,47.00
944,Saint-Julien,93.0,16.5,,299.17
945,Pauillac,90.0,,,33.00
946,Pauillac,89.5,,92.5,36.67
947,Saint-Estèphe,87.0,,91.5,168.33
948,Saint-Emilion,,,91.0,16.00
949,Saint-Estèphe,87.0,16,94.0,39.33
950,Moulis,,15.5,87.5,32.50
951,Saint-Emilion,94.0,17.5,97.0,145.00
952,Pomerol,92.0,,94.0,78.00
953,Moulis,87.0,16,91.5,125.00
954,Sauternes,99.0,18,99.0,550.00
955,Saint-Emilion,89.0,15,92.5,38.00
956,Margaux,96.0,17.5,99.5,524.17
957,Pomerol,,,93.5,27.00
958,Margaux,87.0,16,93.0,29.00
959,Pauillac,92.0,17,94.5,53.00
960,Pauillac,92.5,16,93.5,50.50
961,Saint-Julien,92.0,16.5,95.5,55.83
962,Saint-Emilion,94.0,16,92.0,50.00
963,Bordeaux Supérieur,,,90.5,5.42
964,Pomerol,,,93.5,48.00
965,Saint-Julien,,,93.0,32.25
966,Saint-Julien,92.0,,96.5,630.00
967,Pessac-Léognan,94.0,16,95.0,118.00
968,Haut-Médoc,86.0,16.5,93.0,46.00
969,Pessac-Léognan,97.0,16,99.0,195.00
970,Sauternes,88.0,18,,39.00
971,Margaux,93.0,17,94.0,55.00
972,Fronsac,90.0,,90.5,12.00
973,Pomerol,92.0,16,93.0,54.92
974,Saint-Emilion,97.0,16,95.0,125.00
975,Margaux,89.0,,91.0,24.50
976,Saint-Emilion,91.0,16,93.5,32.00
977,Saint-Estèphe,91.0,16.5,94.5,40.00
978,Pomerol,93.0,17-,96.0,99.00
979,Saint-Emilion,95.0,15.5,94.0,444.00
980,Haut-Médoc,84.0,15,90.0,15.50
981,Saint-Emilion,93.0,,94.0,46.83
982,Margaux,,16.5,95.0,54.33
983,Pessac-Léognan,92.0,,93.5,23.00
984,Montagne-Saint-Emilion,88.0,15.5,92.0,33.50
985,Saint-Emilion,,,95.0,49.67
986,Haut-Médoc,,15.5,92.0,35.92
987,Saint-Estèphe,92.0,16.5,94.0,70.00
988,Saint-Emilion,98.0,16.5,98.0,475.00
989,Pauillac,97.0,17.5,99.0,219.00
990,Saint-Emilion,100.0,17.5,98.0,170.00
991,Saint-Emilion,94.0,17.5,98.0,388.00
992,Margaux,93.0,17.5,95.0,68.00
993,Saint-Emilion,94.0,16,94.5,78.67
994,Margaux,93.0,16.5,96.5,177.00
995,Margaux,98.0,18,99.0,1110.00
996,Saint-Emilion,94.0,16.5,94.5,504.17
997,Pauillac,91.0,17,93.5,52.00
998,Pomerol,88.0,,90.0,95.00
999,Saint-Julien,90.0,,94.5,193.33
1000,Sauternes,87.0,17,98.0,70.00
1001,Saint-Julien,93.0,16.5,93.5,185.83
1002,Margaux,,15.5,94.0,65.00
1003,Graves,89.0,16.5,90.0,17.50
1004,Saint-Emilion,86.0,,93.0,35.00
1005,Saint-Emilion,93.0,,97.0,129.00
1006,Saint-Emilion,92.0,16,93.0,63.00
1007,Pauillac,96.0,16.5,95.0,880.00
1008,Saint-Emilion,,15.5,,22.67
1009,Saint-Emilion,96.0,17.5,98.0,199.00
1010,Saint-Estèphe,91.0,17,91.0,45.08
1011,Margaux,,16,,146.67
1012,Saint-Emilion,,14,93.0,39.00
1013,Margaux,99.0,18.5,99.0,990.00
1014,Saint-Julien,98.0,18.5,98.0,475.00
1015,Sauternes,95.0,18,97.0,79.00
1016,Castillon Côtes de Bordeaux,92.0,16,,22.33
1017,Barsac,92.0,16.5,,59.00
1018,Margaux,94.0,15.5,95.0,58.00
1019,Margaux,92.0,15.5,94.0,48.00
1020,Saint-Estèphe,,,89.5,19.00
1021,Saint-Emilion,,,91.0,24.00
1022,Sauternes,91.0,,93.0,25.00
1023,Saint-Emilion,90.0,,91.0,53.00
1024,Saint-Emilion,89.0,16.5,96.5,251.67
1025,Pomerol,94.0,17.5,97.0,129.00
1026,Pomerol,,,91.0,58.00
1027,Haut-Médoc,87.0,14.5,90.0,34.00
1028,Saint-Emilion,87.0,15.5,94.0,52.00
1029,Pauillac,96.0,17.5,96.5,152.33
1030,Saint-Emilion,90.0,14.5,92.0,87.00
1031,Saint-Emilion,90.0,16,91.5,35.00
1032,Pessac-Léognan,95.0,17,97.5,262.00
1033,Saint-Estèphe,95.0,17,98.0,186.00
1034,Sauternes,97.0,18.5,99.0,505.00
1035,Saint-Emilion,92.0,,91.5,29.00
1036,Saint-Emilion,91.0,16.5,91.0,24.50
1037,Barsac,94.0,16.5,93.0,39.00
1038,Haut-Médoc,,,92.0,22.00
1039,Pessac-Léognan,95.0,17,98.5,132.83
1040,Médoc,91.0,16,94.0,37.42
1041,Margaux,88.5,15.5,94.5,22.67
1042,Saint-Emilion,96.0,17,94.0,655.00
1043,Pessac-Léognan,92.0,16,97.0,49.00
1044,Bordeaux Blancs Secs,88.0,,93.0,85.00
1045,Saint-Emilion,91.0,,92.0,42.00
1046,Margaux,94.0,17.5,97.5,1931.67
1047,Margaux,94.5,16.5,95.5,58.17
1048,Pauillac,88.0,16,93.5,195.00
1049,Barsac,96.0,16,94.0,45.00
1050,Margaux,94.0,17,94.0,120.00
1051,Sauternes,93.0,18,93.5,105.00
1052,Saint-Emilion,95.0,17,96.0,103.00
1053,Saint-Julien,87.0,16,,109.17
1054,Saint-Emilion,98.0,18.5,98.0,450.00
1055,Pauillac,91.0,17,,38.00
1056,Saint-Emilion,98.0,16.5,94.0,761.67
1057,Saint-Emilion,,16,94.5,30.33
1058,Saint-Emilion,,,94.5,51.00
1059,Saint-Emilion,94.0,16.5,96.0,140.00
1060,Margaux,98.0,17,100.0,990.00
1061,Saint-Emilion,90.0,,,210.00
1062,Margaux,90.0,16,94.0,27.00
1063,Pomerol,93.5,16.5,94.5,69.83
1064,Pauillac,87.0,16.5,93.5,34.00
1065,Haut-Médoc,,15,92.5,22.83
1066,Saint-Julien,94.0,17,97.5,677.50
1067,Margaux,,16,,90.00
1068,Saint-Emilion,92.0,15,95.0,115.00
1069,Pomerol,,16.5,95.5,52.33
1070,Saint-Emilion,93.0,16.5,94.0,86.00
1071,Saint-Emilion,,16.5,91.5,49.00
1072,Pomerol,95.0,17.5,97.5,270.00
1073,Saint-Emilion,92.0,16,98.0,86.00
1074,Pauillac,90.0,17,96.0,46.00
1075,Saint-Emilion,,15.5,94.5,32.00
1076,Saint-Emilion,90.0,16,91.5,135.00
1077,Saint-Emilion,94.0,15.5,94.0,72.00
1078,Pomerol,95.0,,96.0,117.50
1079,Saint-Estèphe,91.0,16,93.5,100.83
1080,Margaux,,16.5,93.5,201.67
1081,Saint-Emilion,92.0,,94.0,35.00
1082,Moulis,89.0,15,94.0,36.17
1083,Haut-Médoc,89.0,16,92.0,31.60
1084,Margaux,100.0,18,100.0,1065.00
1085,Sauternes,92.0,18,97.0,61.00
1086,Saint-Emilion,94.0,16.5,95.5,504.17
1087,Pauillac,91.5,17,,570.83
1088,Pomerol,88.0,15.5,93.5,279.17
1089,Margaux,,,91.0,19.00
1090,Margaux,90.5,16.5,93.5,335.83
1091,Saint-Emilion,,17,95.0,450.00
1092,Pauillac,,,90.0,24.50
1093,Margaux,91.5,17,93.5,201.67
1094,Saint-Emilion,100.0,15.5,99.0,470.00
1095,Pomerol,89.0,17,94.0,76.00
1096,Pessac-Léognan,92.0,16,95.0,99.00
1097,Pomerol,,,95.0,72.00
1098,Margaux,,16,93.5,168.33
1099,Margaux,93.0,17,96.0,79.17
1100,Bordeaux,,16.5,,20.00
1101,Saint-Julien,95.0,15,96.5,219.00
1102,Saint-Emilion,93.0,16,96.0,56.00
1103,Barsac,87.0,17,89.0,49.00
1104,Pomerol,93.0,15.5,92.0,73.00
1105,Sauternes,88.0,,,35.00
1106,Pessac-Léognan,99.0,19,97.0,1095.00
1107,Pauillac,90.0,14,93.0,45.00
1108,Saint-Julien,96.0,16.5,98.0,305.00
1109,Saint-Emilion,95.0,16.5,96.0,110.00
1110,Sauternes,94.0,17.5,95.0,64.00
1111,Pessac-Léognan,91.0,16.5,96.0,170.00
1112,Saint-Emilion,,15,92.0,26.50
1113,Saint-Julien,87.0,15,,50.83
1114,Pomerol,91.0,15.5,93.0,84.00
1115,Saint-Emilion,94.0,16.5,93.0,54.00
1116,Haut-Médoc,85.0,16,89.0,39.58
1117,Pomerol,89.0,15.5,95.0,120.00
1118,Margaux,,,,84.17
1119,Pomerol,91.0,,93.5,36.00
1120,Haut-Médoc,87.0,16.5,88.0,62.00
1121,Pauillac,92.0,17.5,97.5,1788.33
1122,Saint-Emilion,94.0,16.5,,49.00
1123,Haut-Médoc,,,92.0,17.00
1124,Lalande de Pomerol,90.0,16.5,91.5,150.00
1125,Montagne-Saint-Emilion,90.0,16.5,89.5,26.00
1126,Pomerol,88.0,,94.5,42.50
1127,Pauillac,88.0,16.5,95.5,765.00
1128,Saint-Emilion,96.0,17.5,98.0,1825.00
1129,Margaux,87.0,17,91.5,86.00
1130,Saint-Emilion,98.0,18.5,99.0,925.00
1131,Sauternes,,18,,279.17
1132,Margaux,,,92.0,50.00
1133,Pessac-Léognan,88.0,,92.5,22.50
1134,Bordeaux Blancs Secs,,,,14.00
1135,Haut-Médoc,91.0,,92.0,16.67
1136,Canon-Fronsac,,,91.5,105.00
1137,Saint-Emilion,87.0,,92.0,28.08
1138,Haut-Médoc,87.5,15.5,,69.00
1139,Margaux,,16,93.5,54.00
1140,Saint-Emilion,90.0,15,,115.00
1141,Haut-Médoc,89.0,,,14.00
1142,Haut-Médoc,92.0,16,93.0,37.00
1143,Saint-Emilion,93.0,16.5,94.0,85.00
1144,Saint-Emilion,98.0,17.5,100.0,1950.00
1145,Haut-Médoc,,14.5,,21.67
1146,Haut-Médoc,,,89.5,14.83
1147,Saint-Emilion,100.0,18.5,99.0,1490.00
1148,Pomerol,91.0,,94.0,65.42
1149,Saint-Estèphe,89.0,16.5,,26.25
1150,Saint-Emilion,93.0,16.5,96.0,243.33
1151,Saint-Julien,88.0,,93.0,58.00
1152,Listrac,89.0,16.5,87.5,19.00
1153,Saint-Emilion,91.0,16,93.0,77.00
1154,Pomerol,94.0,16.5,97.5,295.00
1155,Saint-Emilion,93.0,16,92.0,85.00
1156,Haut-Médoc,85.0,16.5,93.0,16.67
1157,Listrac,87.0,16,90.0,19.00
1158,Margaux,87.0,15.5,94.0,49.00
1159,Pomerol,96.0,17,95.0,290.00
1160,Margaux,87.0,16,94.0,69.00
1161,Margaux,85.0,,93.0,22.50
1162,Pomerol,86.0,17,97.0,99.00
1163,Pomerol,87.0,15.5,89.0,58.25
1164,Pomerol,93.0,16,87.5,69.00
1165,Pauillac,100.0,18,100.0,950.00
1166,Saint-Emilion,94.0,16.5,94.0,157.00
1167,Haut-Médoc,91.0,,90.5,19.50
1168,Saint-Emilion,98.0,17.5,96.0,1050.00
1169,Saint-Emilion,94.0,16.5,94.0,240.00
1170,Saint-Emilion,92.0,16.5,95.0,243.33
1171,Saint-Emilion,91.0,15,92.0,195.00
1172,Margaux,93.0,17.5,95.0,94.00
1173,Saint-Emilion,95.0,17,98.0,110.00
1174,Castillon Côtes de Bordeaux,92.0,,90.0,33.00
1175,Saint-Emilion,,16,94.5,34.00
1176,Pomerol,95.0,15.5,95.0,265.00
1177,Saint-Emilion,93.0,16,93.0,26.00
1178,Saint-Emilion,95.0,16.5,95.0,765.00
1179,Saint-Julien,90.0,16.5,89.5,63.00
1180,Puisseguin-Saint-Emilion,90.0,,90.0,30.00
1181,Pessac-Léognan,90.0,15.5,94.0,49.00
1182,Saint-Emilion,94.0,16-,95.0,230.00
1183,Saint-Estèphe,91.0,15,91.0,25.00
1184,Pomerol,95.0,16.5,96.5,330.00
1185,Sauternes,,,89.5,25.50
1186,Pessac-Léognan,94.0,17,97.5,1680.00
1187,Margaux,87.0,,92.5,113.33
1188,Pomerol,85.0,15.5,90.0,49.00
1189,Sauternes,87.0,,,42.00
1190,Saint-Emilion,92.0,17,,176.83
1191,Saint-Emilion,,,91.5,46.00
1192,Saint-Emilion,92.0,15.5,93.0,47.00
1193,Saint-Emilion,89.0,16.5,95.5,290.00
1194,Margaux,93.0,17,95.5,71.67
1195,Margaux,90.0,17.5,95.5,81.00
1196,Saint-Emilion,98.0,18.5,100.0,1050.00
1197,Pomerol,90.0,15.5,94.0,50.00
1198,Margaux,89.0,,91.5,125.83
1199,Saint-Emilion,94.0,15,95.0,210.00
1200,Saint-Emilion,,,95.5,131.00
1201,Castillon Côtes de Bordeaux,91.0,16.5,92.5,20.17
1202,Saint-Emilion,92.0,15.5,95.0,156.00
1203,Pessac-Léognan,90.0,16,92.5,142.50
1204,Saint-Emilion,95.5,17.5,97.5,378.17
1205,Margaux,87.0,15.5,92.5,131.67
1206,Pomerol,90.0,16,94.0,41.00
1207,Pessac-Léognan,91.0,17,95.5,225.00
1208,Saint-Emilion,95.0,16,93.0,765.00
1209,Margaux,93.0,16,95.0,261.00
1210,Pauillac,95.0,16,96.0,129.00
1211,Saint-Emilion,100.0,17,93.0,1096.67
1212,Saint-Emilion,91.5,17.5,97.5,1260.00
1213,Pessac-Léognan,88.0,15,89.5,21.00
1214,Saint-Emilion,99.0,17.5,98.0,1050.00
1215,Saint-Emilion,89.0,,90.0,460.00
1216,Saint-Emilion,91.0,15.5,93.0,175.00
1217,Sauternes,92.0,16,93.0,43.00
1218,Pauillac,91.0,17,96.0,99.00
1219,Pessac-Léognan,91.0,16,94.5,29.50
1220,Pessac-Léognan,91.0,16,95.5,65.83
1221,Canon-Fronsac,91.0,,92.0,26.00
1222,Pessac-Léognan,100.0,17.5,96.0,396.00
1223,Pomerol,95.0,16,96.0,225.00
1224,Saint-Emilion,93.0,17.5,,1065.00
1225,Saint-Emilion,92.0,15.5,95.0,199.00
1226,Pauillac,88.0,15,91.5,38.50
1227,Pessac-Léognan,92.0,16,94.0,124.00
1228,Pomerol,89.0,,92.5,59.00
1229,Pauillac,91.0,15,94.0,40.00
1230,Listrac,,15,92.0,15.00
1231,Saint-Emilion,89.5,17.5,89.5,168.33
1232,Haut-Médoc,88.0,15.5,94.0,29.00
1233,Pomerol,93.0,16.5,95.0,75.00
1234,Saint-Emilion,99.0,18,98.0,1053.33
1235,Pauillac,92.0,17,96.0,350.00
1236,Sauternes,94.0,17,91.0,51.83
1237,Barsac,91.0,18,,99.83
1238,Pauillac,88.0,16,95.5,155.83
1239,Saint-Julien,91.0,,95.0,61.17
1240,Haut-Médoc,87.0,,91.5,88.33
1241,Saint-Emilion,,,92.5,120.00
1242,Pauillac,89.0,16.5,94.0,240.00
1243,Saint-Estèphe,97.0,17.5,97.0,195.00
1244,Moulis,,16,91.5,100.83
1245,Saint-Emilion,92.0,16.5,,870.00
1246,Saint-Emilion,93.0,,94.0,45.75
1247,Barsac,87.0,,,61.33
1248,Graves,,15.5,92.0,17.67
1249,Bordeaux Blancs Secs,91.0,16.5,94.5,160.00
1250,Saint-Emilion,,16,92.5,39.00
1251,Saint-Julien,96.0,16,96.0,80.00
1252,Margaux,94.0,17,94.0,65.83
1253,Saint-Julien,,15.5,92.0,60.00
1254,Pessac-Léognan,89.0,,92.0,23.50
1255,Haut-Médoc,89.0,16.5,,129.00
1256,Pauillac,,16,91.5,27.00
1257,Pessac-Léognan,95.0,16.5,97.5,131.00
1258,Pomerol,94.0,17.5,97.5,305.67
1259,Saint-Emilion,97.0,,95.5,157.33
1260,Fronsac,,16,92.0,25.33
1261,Margaux,91.0,18,95.5,82.00
1262,Margaux,99.0,17.5,100.0,1850.00
1263,Barsac,91.0,16.5,,54.00
1264,Pessac-Léognan,86.0,15.5,92.5,135.00
1265,Saint-Emilion,97.0,18.5,98.0,375.00
1266,Pauillac,98.0,18,97.5,597.83
1267,Sauternes,93.0,19-,,40.00
1268,Francs Côtes de Bordeaux,89.0,16,93.0,21.33
1269,Saint-Emilion,93.0,15.5,94.0,96.00
1270,Saint-Emilion,94.0,,91.5,49.00
1271,Saint-Emilion,94.0,16,95.0,140.00
1272,Pomerol,90.0,16,93.0,67.67
1273,Pessac-Léognan,87.0,16,93.0,24.00
1274,Margaux,89.0,14,91.5,34.50
1275,Saint-Emilion,91.0,17,,505.00
1276,Saint-Emilion,95.0,,94.0,71.00
1277,Saint-Emilion,92.0,16.5,93.0,42.00
1278,Pomerol,,15,92.5,29.00
1279,Listrac,,16,92.0,23.50
1280,Pomerol,82.0,,93.0,30.00
1281,Haut-Médoc,89.0,16,93.5,113.33
1282,Saint-Estèphe,93.0,17,96.0,59.00
1283,Pessac-Léognan,99.0,18,98.0,608.50
1284,Margaux,,16,92.5,41.17
1285,Haut-Médoc,89.0,15.5,92.0,32.00
1286,Saint-Emilion,,,,13.00
1287,Saint-Georges-Saint-Emilion,87.0,,91.0,25.83
1288,Saint-Estèphe,,16.5,93.5,201.67
1289,Pomerol,92.0,17,97.5,840.00
1290,Pomerol,,,91.5,30.00
1291,Saint-Emilion,93.0,16.5,95.5,175.00
1292,Médoc,88.0,16,91.0,31.17
1293,Pessac-Léognan,89.5,,94.5,125.83
1294,Saint-Estèphe,91.0,17,94.0,51.00
1295,Moulis,,15,92.5,99.17
1296,Pauillac,92.0,16,94.0,230.00
1297,Saint-Emilion,,16,93.5,145.83
1298,Saint-Emilion,88.0,,90.5,90.00
1299,Bordeaux Blancs Secs,,,,28.50
1300,Saint-Emilion,,16.5,95.0,42.00
1301,Moulis,90.0,15,92.0,39.00
1302,Puisseguin-Saint-Emilion,89.0,16.5,92.0,35.00
1303,Pessac-Léognan,92.0,15,93.0,29.08
1304,Saint-Julien,,16.5,94.5,43.00
1305,Saint-Estèphe,,,92.0,22.00
1306,Saint-Estèphe,90.0,17,93.0,34.00
1307,Saint-Emilion,94.0,17,96.5,73.33
1308,Saint-Julien,90.0,16.5,,180.00
1309,Saint-Emilion,96.0,18,98.0,720.00
1310,Pomerol,92.0,17.5,94.0,99.00
1311,Saint-Emilion,92.0,16.5,95.0,124.00
1312,Pomerol,99.0,16.5,99.0,275.00
1313,Margaux,95.0,17.5,97.0,680.00
1314,Margaux,93.0,17,97.0,226.00
1315,Margaux,,,,65.83
1316,Pessac-Léognan,90.0,15.5,93.0,145.00
1317,Pomerol,,,,139.00
1318,Saint-Emilion,96.0,18,96.0,150.00
1319,Pomerol,91.0,16,94.0,102.00
1320,Saint-Emilion,91.0,16.5,96.5,73.33
1321,Margaux,87.0,16.5,95.0,79.00
1322,Saint-Emilion,93.0,17,93.0,44.00
1323,Saint-Emilion,95.0,17.5,96.0,109.00
1324,Sauternes,90.0,18,,45.00
1325,Lalande de Pomerol,91.0,16,95.0,105.00
1326,Saint-Emilion,96.0,16,98.0,180.00
1327,Médoc,,15,,29.50
1328,Castillon Côtes de Bordeaux,92.0,15.5,93.5,19.33
1329,Saint-Emilion,92.0,15.5,92.0,50.00
1330,Pauillac,95.0,17,95.0,414.00
1331,Saint-Emilion,91.0,16.5,94.0,63.00
1332,Sauternes,95.0,16.5,,60.00
1333,Saint-Emilion,92.0,16.5,95.0,196.00
1334,Saint-Julien,87.0,15.5,93.5,123.33
1335,Pauillac,93.0,16.5,95.5,81.17
1336,Saint-Emilion,92.0,,93.0,37.50
1337,Saint-Emilion,90.0,15,95.0,118.00
1338,Sauternes,97.0,18,,81.00
1339,Sauternes,95.0,17.5,,60.00
1340,Saint-Emilion,93.0,,95.5,300.00
1341,Saint-Emilion,,,91.5,40.00
1342,Bordeaux Blancs Secs,91.0,15.5,93.5,48.00
1343,Pauillac,91.0,16,90.5,42.00
1344,Saint-Emilion,95.0,17,94.0,55.17
1345,Margaux,93.0,16,96.0,83.00
1346,Margaux,91.0,16,93.0,150.00
1347,Pomerol,98.0,17.5,98.0,380.00
1348,Castillon Côtes de Bordeaux,89.0,,,29.00
1349,Pessac-Léognan,91.0,16.5,92.0,101.00
1350,Sauternes,,,,21.00
1351,Graves,,15.5,92.5,16.00
1352,Pomerol,94.0,16.5,96.5,224.00
1353,Pauillac,93.0,16.5,96.0,55.00
1354,Pessac-Léognan,91.0,16,94.5,49.00
1355,Pomerol,88.0,16.5,95.0,99.00
1356,Pomerol,,,93.5,264.17
1357,Haut-Médoc,,,92.5,15.75
1358,Saint-Emilion,94.0,16.5,,265.00
1359,Saint-Estèphe,85.0,16.5,,49.00
1360,Sauternes,92.0,16,93.0,40.00
1361,Saint-Emilion,96.0,17.5,97.0,120.00
1362,Barsac,96.0,17.5,93.0,54.00
1363,Pessac-Léognan,95.0,16,97.0,198.33
1364,Pomerol,99.0,17.5,97.0,680.00
1365,Saint-Emilion,100.0,18.5,96.0,499.00
1366,Bordeaux Blancs Secs,94.0,16.5,96.5,350.00
1367,Pauillac,90.0,15.5,93.0,41.67
1368,Pauillac,96.0,17,99.0,1066.67
1369,Saint-Emilion,91.0,,92.5,19.83
1370,Saint-Julien,94.0,16,,190.00
1371,Saint-Emilion,93.0,16,93.5,44.00
1372,Saint-Emilion,92.0,16,95.0,52.42
1373,Saint-Julien,,,,28.00
1374,Saint-Emilion,,16.5,95.5,83.00
1375,Fronsac,89.0,,91.5,14.50
1376,Pomerol,,,90.5,149.00
1377,Margaux,97.0,17.5,99.0,890.00
1378,Saint-Emilion,93.0,14.5,94.5,76.00
1379,Saint-Emilion,87.0,15,92.0,33.00
1380,Pomerol,83.0,16.5,94.0,59.00
1381,Margaux,94.0,16,96.0,49.00
1382,Pomerol,92.0,16,94.0,39.50
1383,Saint-Emilion,85.5,,92.0,35.00
1384,Pessac-Léognan,90.0,,93.5,24.00
1385,Pomerol,98.0,18.5,98.0,290.00
1386,Pomerol,98.0,18,99.0,425.00
1387,Saint-Estèphe,90.0,16,93.5,117.50
1388,Sauternes,93.0,17,93.0,61.00
1389,Pomerol,92.0,,95.0,108.00
1390,Saint-Emilion,94.0,17,97.5,117.00
1391,Saint-Julien,,16.5,94.5,199.17
1392,Saint-Emilion,94.0,16.5,94.0,53.00
1393,Saint-Emilion,91.0,16.5,93.0,40.00
1394,Sauternes,91.0,16,,34.00
1395,Saint-Emilion,93.0,17,96.5,266.67
1396,Pomerol,,,95.0,99.00
1397,Pomerol,88.0,,92.5,37.00
1398,Saint-Julien,93.5,16.5,94.5,90.00
1399,Moulis,89.0,,93.0,71.67
1400,Margaux,89.0,17,,340.00
1401,Pomerol,88.0,16-,88.5,38.20
1402,Sauternes,95.0,16.5,,86.00
1403,Pessac-Léognan,93.0,16.5,90.0,355.00
1404,Fronsac,,,91.5,21.50
1405,Saint-Estèphe,90.0,16,92.5,26.00
1406,Sauternes,94.0,17.5,,60.00
1407,Saint-Estèphe,91.0,16.5,92.0,40.00
1408,Haut-Médoc,,,,69.58
1409,Saint-Julien,98.0,18,99.0,450.00
1410,Pauillac,98.0,17,98.0,1100.00
1411,Saint-Julien,91.0,16,94.0,37.00
1412,Saint-Emilion,93.0,16.5,93.0,99.00
1413,Saint-Estèphe,86.0,15.5,90.5,80.83
1414,Pessac-Léognan,96.0,17,94.0,48.33
1415,Saint-Emilion,,,,62.00
1416,Margaux,95.0,18.5,,690.00
1417,Pauillac,93.0,16,95.0,87.33
1418,Barsac,94.0,17,,59.00
1419,Saint-Estèphe,88.0,16,94.0,27.50
1420,Saint-Emilion,95.0,18.5,96.0,320.00
1421,Saint-Estèphe,87.0,15,92.5,110.83
1422,Margaux,93.0,17,94.0,680.00
1423,Pessac-Léognan,98.0,17,97.0,180.00
1424,Pauillac,90.0,16.5,97.0,52.00
1425,Saint-Emilion,92.0,15.5,93.0,51.50
1426,Margaux,94.0,17,,790.00
1427,Pessac-Léognan,92.0,15,94.0,150.00
1428,Saint-Estèphe,94.0,15,94.0,130.00
1429,Margaux,92.0,17.5,,680.00
1430,Saint-Emilion,90.0,16,93.0,25.00
1431,Haut-Médoc,,,,17.33
1432,Margaux,94.0,16.5,94.0,710.00
1433,Pessac-Léognan,97.0,17,97.0,305.00
1434,Saint-Estèphe,98.0,17.5,99.0,460.00
1435,Lalande de Pomerol,,,91.0,22.00
1436,Margaux,93.0,17,95.0,620.00
1437,Fronsac,86.0,,,19.00
1438,Sauternes,92.5,17.5,,60.00
1439,Sauternes,93.0,,,81.00
1440,Pessac-Léognan,90.0,15.5,94.5,264.17
1441,Barsac,97.0,18,,145.67
1442,Margaux,93.0,15.5,95.0,49.50
1443,Saint-Estèphe,94.0,15.5,98.0,398.00
1444,Sauternes,95.0,,,96.00
1445,Saint-Emilion,97.0,16.5,98.0,166.00
1446,Margaux,94.0,17.5,,390.00
1447,Pessac-Léognan,86.0,15,90.5,25.00
1448,Barsac,,16.5,,195.00
1449,Castillon Côtes de Bordeaux,88.0,16,93.5,95.83
1450,Saint-Estèphe,93.0,16.5,93.0,49.00
1451,Haut-Médoc,,,92.0,28.00
1452,Haut-Médoc,89.0,15.5,88.0,14.50
1453,Margaux,,16,92.5,130.00
1454,Margaux,97.0,18.5,100.0,969.00
1455,Saint-Estèphe,93.0,15,95.0,437.00
1456,Saint-Emilion,93.0,17,97.0,135.00
1457,Haut-Médoc,90.0,16.5,92.0,42.00
1458,Pessac-Léognan,88.0,15.5,92.0,68.00
1459,Pomerol,96.0,18,96.0,395.00
1460,Bordeaux Blancs Secs,91.0,,94.0,45.00
1461,Pomerol,96.0,16,98.0,620.00
1462,Saint-Julien,94.0,16,94.5,102.00
1463,Pomerol,91.0,16,93.5,279.17
1464,Pauillac,92.0,16.5,95.5,630.00
1465,Saint-Emilion,,,94.5,360.83
1466,Saint-Julien,100.0,18,100.0,470.00
1467,Barsac,93.0,17,,81.00
1468,Barsac,91.0,16.5,,61.33
1469,Castillon Côtes de Bordeaux,91.0,17,93.0,30.00
1470,Saint-Julien,,,91.5,193.33
1471,Saint-Emilion,100.0,19,100.0,1390.00
1472,Pauillac,93.0,17,96.0,380.00
1473,Barsac,94.0,16,91.0,45.00
1474,Sauternes,88.0,17.5,,81.00
1475,Saint-Emilion,93.0,16,93.0,40.00
1476,Listrac,88.5,15,89.5,72.50
1477,Pomerol,92.0,16.5,93.0,77.00
1478,Margaux,96.5,17.5,97.5,349.50
1479,Saint-Emilion,94.0,17,94.0,420.00
1480,Pomerol,93.0,16.5,93.0,95.00
1481,Barsac,94.0,16.5,94.0,45.00
1482,Saint-Julien,96.0,19,98.0,535.00
1483,Pomerol,,,91.5,29.67
1484,Haut-Médoc,88.5,16,93.5,25.00
1485,Margaux,100.0,18,,1540.00
1486,Lalande de Pomerol,91.0,,92.0,18.75
1487,Margaux,89.0,16.5,93.0,30.08
1488,Margaux,,,,46.00
1489,Saint-Emilion,,16,94.0,36.42
1490,Saint-Emilion,99.0,17,99.0,595.00
1491,Saint-Emilion,94.0,15.5,99.0,150.00
1492,Pauillac,,16.5,,28.00
1493,Saint-Emilion,93.0,16,94.0,50.00
1494,Puisseguin-Saint-Emilion,90.0,16,92.0,50.00
1495,Bordeaux Blancs Secs,90.0,17,,153.00
1496,Saint-Emilion,87.0,,,714.00
1497,Saint-Emilion,92.0,,93.5,31.00
1498,Barsac,95.0,17,94.0,43.00
1499,Montagne-Saint-Emilion,,,89.5,11.25
1500,Sauternes,93.0,16.5,95.0,57.50
1501,Pomerol,91.0,,91.0,33.00
1502,Saint-Emilion,,16,90.5,124.17
1503,Margaux,91.0,16.5,96.0,299.00
1504,Haut-Médoc,86.0,16,,14.20
1505,Moulis,88.0,16,89.5,32.00
1506,Pauillac,,17,93.0,39.00
1507,Margaux,,15,91.5,31.17
1508,Saint-Emilion,,,,26.50
1509,Haut-Médoc,,,93.0,20.83
1510,Saint-Emilion,92.0,15.5,92.0,475.00
1511,Saint-Emilion,93.0,17,95.0,58.00
1512,Margaux,92.0,16.5,94.5,38.67
1513,Saint-Julien,93.0,16,93.0,43.50
1514,Saint-Emilion,88.0,,92.0,38.20
1515,Côtes de Bourg,93.0,16.5,,99.00
1516,Saint-Emilion,93.0,,93.0,65.00
1517,Médoc,89.0,16.5,92.0,29.17
1518,Pomerol,,16,94.5,35.00
1519,Margaux,90.0,17,95.5,294.17
1520,Margaux,,15.5,92.5,150.00
1521,Saint-Emilion,89.0,16,94.5,378.33
1522,Pauillac,88.0,16,93.0,42.00
1523,Saint-Julien,90.0,16,93.0,79.30
1524,Pauillac,95.0,18,98.5,485.50
1525,Pauillac,90.0,15.5,94.5,322.50
1526,Margaux,87.0,14,92.0,36.00
1527,Haut-Médoc,86.0,16,88.5,16.67
1528,Saint-Julien,91.0,17.5,96.0,99.00
1529,Sauternes,,17.5,96.5,58.67
1530,Côtes de Bourg,92.0,16,,106.00
1531,Saint-Emilion,94.0,17.5,94.0,650.00
1532,Côtes de Bourg,93.0,16,,107.00
1533,Pessac-Léognan,93.0,17.5,96.0,106.00
1534,Saint-Emilion,90.0,,,641.00
1535,Saint-Emilion,94.0,18,97.0,370.00
1536,Saint-Emilion,,,91.0,49.00
1537,Pomerol,100.0,,98.0,375.00
1538,Saint-Emilion,91.5,16,90.0,395.00
1539,Saint-Emilion,91.0,16,94.5,32.00
1540,Saint-Emilion,95.0,,96.0,145.00
1541,Pessac-Léognan,87.0,16,92.5,150.83
1542,Pessac-Léognan,98.0,17.5,,450.00
1543,Pomerol,,15.5,94.0,69.00
1544,Saint-Emilion,92.0,15.5,93.0,35.00
1545,Margaux,99.0,18,100.0,1690.00
1546,Pomerol,90.0,16,93.0,34.00
1547,Saint-Emilion,92.0,16,,469.00
1548,Saint-Emilion,100.0,18.5,100.0,1050.00
1549,Pomerol,90.0,16,94.0,44.00
1550,Castillon Côtes de Bordeaux,90.0,15.5,,93.33
1551,Saint-Julien,93.0,17,95.0,78.00
1552,Saint-Emilion,90.0,16.5,94.5,189.00
1553,Pomerol,89.0,16.5,92.0,42.00
1554,Saint-Emilion,95.0,18,98.0,990.00
1555,Saint-Estèphe,93.0,17.5,98.0,460.00
1556,Saint-Emilion,95.0,,94.0,58.25
1557,Castillon Côtes de Bordeaux,92.0,17,92.5,110.00
1558,Saint-Julien,93.0,15.5,93.5,59.00
1559,Saint-Emilion,97.0,18,,323.00
1560,Pessac-Léognan,,15.5,94.5,30.00
1561,Saint-Emilion,96.0,17,,323.00
1562,Margaux,95.0,17.5,,990.00
1563,Pessac-Léognan,90.0,16.5,93.0,35.50
1564,Saint-Julien,90.0,16,96.0,105.00
1565,Pauillac,,16,93.5,138.33
1566,Haut-Médoc,,16.5,,23.83
1567,Pauillac,94.0,16,95.0,166.00
1568,Margaux,95.0,17,96.0,85.00
1569,Haut-Médoc,88.0,15.5,93.0,33.00
1570,Pauillac,,16,92.5,35.00
1571,Margaux,90.0,16.5,94.0,56.00
1572,Pessac-Léognan,55.0,17.5,,245.00
1573,Barsac,94.0,17,93.0,40.00
1574,Pomerol,,,,250.00
1575,Haut-Médoc,87.0,,92.5,18.50
1576,Pomerol,89.0,16.5,94.0,46.00
1577,Saint-Emilion,99.0,16.5,96.0,550.00
1578,Saint-Emilion,,15.5,93.5,138.33
1579,Saint-Emilion,91.0,,87.0,59.00
1580,Pessac-Léognan,95.0,17,99.0,175.00
1581,Pauillac,100.0,18,99.0,1275.00
1582,Saint-Estèphe,89.0,15,91.0,44.00
1583,Saint-Estèphe,89.0,15.5,96.0,455.00
1584,Moulis,91.0,15,93.0,54.08
1585,Pauillac,98.0,18,98.5,175.00
1586,Bordeaux Supérieur,,,88.5,52.08
1587,Saint-Julien,90.0,16,92.0,33.00
1588,Haut-Médoc,,16.5,91.0,12.50
1589,Saint-Emilion,97.0,17.5,,532.00
1590,Pauillac,92.0,16,93.0,37.50
1591,Sauternes,,,,98.33
1592,Saint-Emilion,90.0,,90.0,36.92
1593,Bordeaux,,16,,89.00
1594,Haut-Médoc,87.0,,90.5,95.00
1595,Saint-Estèphe,94.0,17.5,94.0,530.00
1596,Pomerol,91.0,,92.0,66.00
1597,Pauillac,96.0,17.5,97.0,175.00
1598,Saint-Estèphe,,,90.5,84.17
1599,Saint-Emilion,92.0,16,94.5,99.00
1600,Pomerol,90.0,,91.5,42.00
1601,Saint-Emilion,,,91.0,33.00
1602,Pauillac,94.0,17.5,96.5,1310.00
1603,Saint-Emilion,,,,61.00
1604,Saint-Emilion,93.0,,94.0,106.00
1605,Saint-Estèphe,86.0,16,93.5,124.17
1606,Médoc,88.0,16,91.0,17.50
1607,Pomerol,92.0,,92.0,70.00
1608,Saint-Emilion,96.0,18,,359.00
1609,Saint-Emilion,99.0,17,95.0,370.00
1610,Sauternes,98.0,17,97.0,535.00
1611,Sauternes,,,,30.00
1612,Pessac-Léognan,90.0,16,94.5,366.67
1613,Montagne-Saint-Emilion,,,91.5,20.67
1614,Saint-Emilion,,16,94.0,51.92
1615,Margaux,,,94.0,23.00
1616,Saint-Julien,91.0,17,,460.00
1617,Saint-Julien,94.0,16.5,94.0,420.00
1618,Saint-Emilion,,,,35.00
1619,Saint-Emilion,95.0,16.5,96.0,114.00
1620,Côtes de Bourg,92.0,15.5,,86.00
1621,Sauternes,88.0,16.5,90.0,38.50
1622,Pauillac,95.0,17.5,99.0,799.00
1623,Moulis,91.0,15.5,91.0,39.50
1624,Saint-Estèphe,92.0,16.5,93.0,48.00
1625,Saint-Julien,95.0,17,96.0,59.00
1626,Saint-Emilion,97.0,17,,312.00
1627,Saint-Julien,95.0,16,95.0,71.00
1628,Pessac-Léognan,98.0,18,100.0,591.83
1629,Bordeaux Blancs Secs,87.5,,,185.00
1630,Saint-Emilion,93.0,17,,89.00
1631,Saint-Emilion,91.0,16,95.0,40.58
1632,Sauternes,,16.5,93.5,37.50
1633,Bordeaux,91.0,,,65.00
1634,Haut-Médoc,92.0,,94.0,18.67
1635,Pauillac,86.0,16,,34.33
1636,Pomerol,89.0,,92.0,49.00
1637,Pauillac,86.5,16,92.5,185.00
1638,Moulis,88.0,16.5,91.0,38.00
1639,Saint-Emilion,93.0,15,95.0,36.92
1640,Margaux,,,,21.67
1641,Saint-Julien,95.0,15.5,95.0,375.00
1642,Saint-Emilion,94.0,14.5,98.0,130.00
1643,Saint-Julien,91.0,16,93.5,31.00
1644,Haut-Médoc,81.5,,89.5,140.00
1645,Pomerol,92.0,16,98.0,110.00
1646,Castillon Côtes de Bordeaux,90.0,15.5,92.5,18.67
1647,Margaux,,,90.0,62.50
1648,Pauillac,,15.5,,27.00
1649,Margaux,87.5,16,94.0,89.00
1650,Moulis,79.0,15.5,91.0,29.08
1651,Saint-Estèphe,100.0,18,99.0,250.00
1652,Saint-Julien,97.0,17.5,97.0,190.00
1653,Pomerol,91.0,16,93.0,36.42
1654,Saint-Estèphe,,,89.0,18.50
1655,Saint-Emilion,87.0,17-,,333.00
1656,Pomerol,93.0,17,97.0,88.00
1657,Saint-Emilion,87.5,17,,394.00
1658,Saint-Emilion,,16.5,93.0,39.00
1659,Margaux,86.0,16,92.0,39.00
1660,Saint-Emilion,89.0,16.5,93.0,62.00
1661,Saint-Emilion,89.0,17.5,,369.00
1662,Saint-Julien,95.0,17.5,,440.00
1663,Haut-Médoc,89.0,16,94.0,39.00
1664,Pomerol,90.0,16,93.0,38.00
1665,Bordeaux Blancs Secs,,,,27.33
1666,Pauillac,100.0,19,100.0,1140.00
1667,Saint-Emilion,86.0,15.5,92.0,42.00
1668,Pomerol,84.0,,88.0,31.60
1669,Côtes de Bourg,88.0,16.5,,188.00
1670,Bordeaux,89.0,16.5,,72.00
1671,Pomerol,93.0,,97.0,71.75
1672,Pomerol,94.0,16,93.0,78.00
1673,Bordeaux,92.0,16,,89.00
1674,Saint-Emilion,92.0,,90.0,54.00
1675,Côtes de Bourg,91.0,16.5,,107.00
1676,Haut-Médoc,87.0,15.5,93.0,28.00
1677,Médoc,83.0,,,190.00
1678,Saint-Emilion,92.0,,94.0,42.17
1679,Margaux,,16.5,94.0,39.00
1680,Fronsac,,,94.0,26.00
1681,Saint-Emilion,94.0,17.5,,298.00
1682,Médoc,90.0,16,90.0,22.00
1683,Haut-Médoc,87.0,16.5,93.0,37.00
1684,Saint-Emilion,,17,,404.00
1685,Pauillac,92.0,17,96.0,330.00
1686,Pessac-Léognan,95.0,17.5,96.5,140.00
1687,Canon-Fronsac,86.0,,89.5,19.17
1688,Margaux,90.0,14.5,90.0,295.00
1689,Saint-Emilion,94.0,16.5,,389.00
1690,Saint-Julien,97.0,18,,1050.00
1691,Saint-Emilion,92.0,15.5,92.0,41.00
1692,Pomerol,92.0,17,92.0,83.00
1693,Bordeaux Blancs Secs,88.0,,,41.67
1694,Margaux,,15.5,91.0,45.00
1695,Saint-Emilion,,14.5,,34.00
1696,Pomerol,,15.5,96.0,84.00
1697,Pomerol,94.0,15.5,97.0,85.00
1698,Margaux,89.0,16,92.0,31.50
1699,Margaux,88.0,15,93.0,48.00
1700,Saint-Emilion,,,94.5,36.00
1701,Pauillac,92.0,16,93.0,83.00
1702,Saint-Emilion,,16,,409.00
1703,Margaux,,15.5,93.0,22.33
1704,Saint-Emilion,89.0,17,,628.00
1705,Pomerol,,,89.5,144.17
1706,Saint-Julien,89.0,16.5,92.0,69.00
1707,Saint-Emilion,,,94.5,40.00
1708,Pauillac,96.0,16.5,,1220.00
1709,Saint-Julien,91.0,16,94.0,360.00
1710,Pessac-Léognan,94.0,17.5,92.0,369.17
1711,Pomerol,90.0,16.5,95.5,315.00
1712,Margaux,,15,92.5,215.00
1713,Médoc,88.0,15,91.5,110.00
1714,Saint-Julien,93.0,18,94.0,49.00
1715,Pomerol,92.0,16,93.5,69.83
1716,Saint-Emilion,94.0,16.5,96.0,146.00
1717,Saint-Emilion,91.0,16,94.0,39.00
1718,Bordeaux,91.0,16.5,,77.00
1719,Saint-Julien,95.0,16.5,94.0,124.17
1720,Côtes de Bourg,88.0,17.5,,224.00
1721,Pomerol,88.0,,92.0,54.08
1722,Pessac-Léognan,93.0,16,93.0,450.00
1723,Saint-Estèphe,97.0,16.5,93.0,765.00
1724,Fronsac,87.0,,87.5,107.50
1725,Saint-Emilion,94.0,16.5,,346.00
1726,Margaux,92.0,15.5,93.0,42.00
1727,Saint-Emilion,,17,97.5,129.00
1728,Saint-Estèphe,91.0,16,92.0,31.00
1729,Sauternes,,17,96.0,425.00
1730,Pomerol,94.0,16.5,94.0,95.00
1731,Saint-Estèphe,92.0,16.5,93.5,40.00
1732,Saint-Emilion,,18,,332.00
1733,Saint-Emilion,92.0,16.5,,268.00
1734,Saint-Emilion,,15,94.0,175.00
1735,Haut-Médoc,,16,91.0,18.17
1736,Saint-Julien,95.0,17.5,97.0,290.00
1737,Pessac-Léognan,98.0,18,98.0,345.00
1738,Saint-Emilion,91.0,,90.5,61.00
1739,Saint-Emilion,87.0,,93.5,180.83
1740,Sauternes,95.0,17,100.0,410.00
1741,Saint-Estèphe,88.0,15,89.0,26.00
1742,Saint-Emilion,92.0,16.5,95.5,175.00
1743,Pomerol,99.0,17,100.0,445.00
1744,Saint-Julien,91.0,16.5,95.0,105.00
1745,Pomerol,100.0,16.5,99.0,310.00
1746,Margaux,88.5,16,92.5,48.00
1747,Saint-Julien,93.0,16.5,,660.00
1748,Pauillac,90.0,16.5,,31.08
1749,Pessac-Léognan,91.0,16.5,96.5,436.67
1750,Saint-Emilion,88.0,15.5,90.0,42.00
1751,Saint-Estèphe,90.0,17,91.0,90.00
1752,Pessac-Léognan,95.0,16,95.0,222.50
1753,Saint-Emilion,92.0,14.5,,98.83
1754,Pauillac,90.0,16.5,91.0,114.29
1755,Pomerol,91.0,16.5,93.0,86.00
1756,Saint-Emilion,,16.5,94.0,87.00
1757,Saint-Emilion,,15,93.5,37.50
1758,Pauillac,87.0,17.5,,167.00
1759,Saint-Emilion,85.0,17,88.5,27.50
1760,Saint-Julien,98.0,18,100.0,445.00
1761,Pauillac,90.0,,,185.00
1762,Saint-Emilion,,17.5,,553.00
1763,Pessac-Léognan,97.0,17,98.0,320.00
1764,Sauternes,95.0,18,92.0,59.00
1765,Médoc,90.0,16.5,92.0,36.42
1766,Pauillac,87.0,,,29.50
1767,Margaux,89.0,14.5,92.0,44.17
1768,Margaux,89.0,,92.0,53.33
1769,Pessac-Léognan,94.0,16,95.0,230.00
1770,Pomerol,93.0,16,96.0,87.00
1771,Pomerol,88.0,16.5,92.0,44.00
1772,Saint-Julien,88.0,16.5,,56.00
1773,Saint-Estèphe,100.0,18,99.0,265.00
1774,Pauillac,91.0,16,91.5,95.00
1775,Saint-Emilion,92.0,15,92.0,40.00
1776,Margaux,90.0,16,93.0,99.00
1777,Saint-Emilion,88.0,16.5,,1047.00
1778,Saint-Julien,,,92.0,31.00
1779,Sauternes,92.0,19,,140.00
1780,Pomerol,,,95.5,95.00
1781,Saint-Emilion,95.0,15,99.0,122.00
1782,Pomerol,,,88.5,116.67
1783,Saint-Emilion,92.0,,95.0,785.00
1784,Barsac,94.0,17,,58.17
1785,Sauternes,98.0,18,100.0,395.00
1786,Saint-Emilion,89.0,15.5,94.0,49.10
1787,Pomerol,93.0,16,97.0,149.00
1788,Saint-Julien,94.0,16,95.0,75.00
1789,Saint-Emilion,,16,,109.17
1790,Saint-Emilion,98.0,16.5,93.5,286.00
1791,Saint-Estèphe,88.0,,93.0,52.00
1792,Saint-Julien,92.0,16.5,91.5,66.00
1793,Saint-Estèphe,90.0,16,90.5,40.00
1794,Saint-Emilion,96.0,17,98.0,150.00
1795,Castillon Côtes de Bordeaux,92.0,,92.5,28.00
1796,Pauillac,99.0,18.5,100.0,1250.00
1797,Saint-Estèphe,90.0,16,91.0,58.00
1798,Saint-Julien,91.0,17.5,93.0,101.00
1799,Pauillac,98.0,17,99.0,950.00
1800,Sauternes,94.0,17,95.0,41.00
1801,Pomerol,86.0,15,91.0,65.00
1802,Saint-Emilion,92.0,16,95.0,49.00
1803,Pomerol,97.0,18,100.0,420.00
1804,Haut-Médoc,89.0,16.5,92.0,33.00
1805,Saint-Julien,96.0,,,535.00
1806,Saint-Estèphe,92.0,16.5,93.5,35.00
1807,Sauternes,,18,,430.00
1808,Pomerol,90.0,15.5,91.0,34.00
1809,Saint-Emilion,90.0,,,555.00
1810,Margaux,93.0,16.5,96.0,253.00
1811,Sauternes,91.0,,93.0,26.00
1812,Pauillac,91.0,16.5,92.0,86.00
1813,Saint-Emilion,92.0,16,94.5,28.00
1814,Bordeaux Blancs Secs,,17,98.0,295.00
1815,Saint-Emilion,,,91.5,105.00
1816,Pomerol,93.0,,95.0,85.00
1817,Margaux,87.0,15.5,,600.00
1818,Pomerol,95.0,15.5,98.0,160.17
1819,Margaux,,16.5,,119.00
1820,Margaux,90.0,15.5,88.0,28.08
1821,Haut-Médoc,,,,19.50
1822,Sauternes,94.0,17.5,93.0,57.17
1823,Saint-Estèphe,92.0,16.5,94.0,39.00
1824,Sauternes,93.0,17,96.0,385.00
1825,Saint-Julien,98.0,18,,535.00
1826,Saint-Emilion,90.0,,,555.00
1827,Margaux,90.0,17,,1590.00
1828,Margaux,,16,,695.00
1829,Castillon Côtes de Bordeaux,,,91.5,17.40
1830,Saint-Julien,96.0,17.5,95.0,123.60
1831,Saint-Julien,90.0,18,94.0,62.33
1832,Pessac-Léognan,96.0,17.5,98.5,455.50
1833,Pauillac,93.0,16,95.0,128.33
1834,Saint-Emilion,89.0,16,93.0,32.00
1835,Pomerol,87.0,,,49.00
1836,Saint-Emilion,94.0,16,92.0,54.00
1837,Saint-Emilion,94.0,17.5,,655.00
1838,Saint-Emilion,90.0,,93.5,34.30
1839,Saint-Emilion,89.0,15.5,93.0,55.50
1840,Saint-Estèphe,96.0,18,95.0,470.00
1841,Pessac-Léognan,96.0,18,,665.00
1842,Saint-Emilion,100.0,18,98.0,1250.00
1843,Pauillac,86.0,16.5,93.5,160.83
1844,Sauternes,95.0,18,93.0,59.00
1845,Haut-Médoc,90.0,,,12.00
1846,Saint-Julien,87.0,15.5,93.5,211.67
1847,Saint-Emilion,,16.5,,730.00
1848,Pomerol,90.0,16.5,91.0,33.00
1849,Margaux,97.0,17,,1580.00
1850,Pomerol,90.0,16.5,93.0,105.00
1851,Saint-Estèphe,93.0,17,96.0,191.70
1852,Margaux,74.0,,,765.00
1853,Pessac-Léognan,90.0,16-,92.0,48.70
1854,Saint-Emilion,92.0,16,94.0,115.00
1855,Saint-Emilion,90.0,15.5,96.0,150.00
1856,Pomerol,90.0,16,91.0,148.00
1857,Pauillac,85.0,,,310.00
1858,Francs Côtes de Bordeaux,92.0,,95.0,22.50
1859,Montagne-Saint-Emilion,,,92.0,22.83
1860,Pauillac,87.0,17,92.0,57.80
1861,Saint-Emilion,94.0,16.5,91.0,42.50
1862,Margaux,98.0,18.5,98.0,460.00
1863,Saint-Emilion,98.0,18,98.0,1080.00
1864,Margaux,94.0,16.5,96.0,93.58
1865,Pomerol,,17,96.5,101.00
1866,Pomerol,97.0,16,95.0,210.00
1867,Margaux,91.0,16,94.5,416.67
1868,Haut-Médoc,91.0,16,94.0,36.50
1869,Pauillac,,,,50.00
1870,Saint-Estèphe,,15,91.0,23.00
1871,Pauillac,95.0,17,98.0,1030.00
1872,Lalande de Pomerol,,,,142.50
1873,Pessac-Léognan,94.0,16.5,96.5,1008.33
1874,Saint-Emilion,94.0,17.5,,499.00
1875,Saint-Julien,94.0,17.5,96.0,420.00
1876,Saint-Estèphe,90.0,16.5,90.0,225.00
1877,Pauillac,96.0,17.5,,440.00
1878,Pomerol,88.0,17.5,95.0,43.00
1879,Margaux,,,92.0,50.00
1880,Margaux,93.0,16,95.0,236.00
1881,Saint-Estèphe,92.0,15.5,,580.00
1882,Pomerol,,,94.5,59.33
1883,Saint-Estèphe,94.0,15.5,93.0,99.00
1884,Saint-Julien,,17,,87.33
1885,Pomerol,,16.5,94.5,61.17
1886,Pauillac,87.0,16.5,92.0,53.40
1887,Margaux,94.0,18,,950.00
1888,Haut-Médoc,90.0,16,91.0,62.00
1889,Bordeaux Blancs Secs,88.0,,,61.00
1890,Saint-Emilion,90.5,16,93.5,356.67
1891,Puisseguin-Saint-Emilion,87.0,,90.0,27.30
1892,Pauillac,,,,35.33
1893,Pomerol,,,91.0,155.00
1894,Saint-Emilion,,15.5,,127.50
1895,Pomerol,87.0,,92.0,38.20
1896,Saint-Emilion,91.0,17,93.0,52.00
1897,Pauillac,90.0,15,91.5,41.00
1898,Saint-Emilion,93.0,16,,149.00
1899,Pauillac,93.0,17,95.0,365.00
1900,Margaux,87.75,,,1495.00
1901,Saint-Emilion,92.0,,90.5,48.00
1902,Pauillac,88.0,14.5,93.0,85.00
1903,Fronsac,,,90.5,101.67
1904,Castillon Côtes de Bordeaux,,16,,119.67
1905,Pomerol,88.0,15,93.0,79.00
1906,Pessac-Léognan,91.0,16,94.5,588.33
1907,Sauternes,91.0,16.5,,365.00
1908,Saint-Emilion,,15,98.5,445.00
1909,Pomerol,,,95.0,140.00
1910,Pauillac,,15.5,97.0,52.00
1911,Pessac-Léognan,89.0,16.5,91.0,25.00
1912,Margaux,88.0,16,93.5,165.00
1913,Fronsac,,,93.5,24.50
1914,Saint-Emilion,93.0,15,93.0,99.00
1915,Sauternes,,15,,110.00
1916,Saint-Julien,91.0,16.5,92.0,130.00
1917,Saint-Estèphe,95.0,18,94.0,230.00
1918,Saint-Emilion,90.0,,94.0,31.50
1919,Saint-Estèphe,94.0,17,94.0,245.00
1920,Saint-Julien,93.0,16.5,95.0,505.00
1921,Fronsac,86.0,16.5,,24.00
1922,Saint-Emilion,91.0,17,92.5,31.17
1923,Pauillac,,16,91.5,142.50
1924,Margaux,89.0,16,94.0,124.00
1925,Saint-Estèphe,92.0,16.5,94.0,39.50
1926,Pomerol,,16,96.0,75.90
1927,Saint-Emilion,92.0,16.5,94.0,49.00
1928,Saint-Estèphe,94.0,17,92.0,230.00
1929,Pessac-Léognan,,16.5,93.5,403.33
1930,Saint-Emilion,97.0,17,92.0,710.00
1931,Pauillac,95.0,16,98.0,110.00
1932,Pomerol,87.0,17,96.0,120.00
1933,Saint-Julien,92.0,15.5,94.0,64.50
1934,Pauillac,80.0,,,150.00
1935,Saint-Emilion,90.0,16,93.5,285.83
1936,Pomerol,90.0,16.5,93.0,86.00
1937,Médoc,,15.5,92.5,24.50
1938,Sauternes,,,,209.00
1939,Saint-Emilion,90.0,,96.0,160.00
1940,Pomerol,91.0,16,93.0,79.50
1941,Pauillac,,,92.5,20.50
1942,Pomerol,,16.5,94.0,53.00
1943,Pomerol,95.0,17,98.0,360.00
1944,Saint-Julien,94.0,17,96.0,1570.00
1945,Margaux,91.0,16,89.0,61.20
1946,Sauternes,91.0,15.5,92.0,32.17
1947,Pauillac,89.0,,,242.00
1948,Saint-Emilion,95.0,15,96.0,128.00
1949,Saint-Julien,95.0,16.5,97.0,510.00
1950,Pessac-Léognan,93.0,17,94.0,75.00
1951,Puisseguin-Saint-Emilion,92.0,15,92.0,45.80
1952,Sauternes,,17,,172.50
1953,Margaux,88.0,16.5,93.0,38.58
1954,Castillon Côtes de Bordeaux,92.0,,91.0,20.25
1955,Saint-Emilion,94.0,17,96.0,203.00
1956,Haut-Médoc,,,89.0,24.00
1957,Saint-Emilion,91.0,,97.0,135.00
1958,Haut-Médoc,,,,16.40
1959,Pauillac,96.0,17.5,97.0,773.33
1960,Pomerol,91.0,16,92.0,76.00
1961,Pauillac,90.0,17.5,93.0,77.00
1962,Saint-Emilion,,17.5,99.5,340.67
1963,Saint-Emilion,,,89.5,37.10
1964,Pomerol,90.0,15.5,,125.00
1965,Margaux,96.0,16.5,95.5,358.67
1966,Listrac,90.0,16.5,93.0,24.50
1967,Castillon Côtes de Bordeaux,,,90.0,16.58
1968,Pomerol,,,92.5,27.58
1969,Pomerol,90.0,16.5,96.5,130.00
1970,Pomerol,90.0,16.5,94.0,79.00
1971,Pessac-Léognan,92.0,16,95.5,139.00
1972,Saint-Julien,89.0,16,92.5,123.33
1973,Saint-Emilion,,,93.5,184.17
1974,Sauternes,93.0,,,62.10
1975,Margaux,81.0,15,,110.17
1976,Haut-Médoc,86.0,15,,695.00
1977,Pauillac,90.0,14.5,92.5,60.00
1978,Saint-Julien,89.0,15.5,92.0,72.00
1979,Saint-Emilion,92.0,16.5,95.0,57.10
1980,Saint-Julien,89.0,15.5,93.0,118.30
1981,Pomerol,85.0,15,,69.00
1982,Saint-Emilion,96.0,16.5,95.0,285.00
1983,Pessac-Léognan,88.0,16.5,92.0,36.00
1984,Saint-Julien,89.0,16,,150.00
1985,Saint-Estèphe,,,91.5,18.00
1986,Sauternes,,17.5,,414.17
1987,Saint-Emilion,100.0,17.5,97.0,820.00
1988,Pauillac,86.0,,,210.00
1989,Saint-Estèphe,89.0,15.5,92.0,30.17
1990,Saint-Emilion,92.0,14.5,95.0,108.00
1991,Saint-Emilion,97.0,16.5,96.0,300.00
1992,Saint-Emilion,94.0,16.5,97.0,299.00
1993,Pessac-Léognan,,15,89.5,18.83
1994,Pessac-Léognan,87.0,16.5,90.0,35.00
1995,Saint-Emilion,95.0,18,94.0,234.00
1996,Barsac,,,,124.83
1997,Pomerol,88.0,14.5,,77.00
1998,Pessac-Léognan,,,,95.00
1999,Pomerol,95.0,16,95.0,69.33
2000,Saint-Estèphe,90.0,15.5,91.5,27.00
2001,Pessac-Léognan,92.0,16,94.0,173.33
2002,Pauillac,93.0,15.5,95.0,67.67
2003,Vin de France,89.0,,93.0,26.83
2004,Saint-Julien,92.0,17,,111.00
2005,Pauillac,84.0,,,250.00
2006,Pomerol,,16,95.5,420.00
2007,Saint-Julien,88.0,16,,140.00
2008,Pauillac,99.0,18.5,100.0,1159.67
2009,Saint-Emilion,97.0,17,,125.00
2010,Saint-Emilion,95.0,17.5,97.0,170.50
2011,Sauternes,,17,,277.50
2012,Saint-Julien,97.0,17.5,95.0,435.00
2013,Saint-Emilion,,17,95.5,965.83
2014,Listrac,90.0,16,92.0,41.67
2015,Haut-Médoc,88.5,16,90.5,18.00
2016,Pauillac,95.0,19,98.0,1375.00
2017,Margaux,90.0,16.5,94.5,225.83
2018,Pessac-Léognan,91.0,16,93.5,88.00
2019,Castillon Côtes de Bordeaux,93.0,15.5,92.5,45.00
2020,Saint-Estèphe,88.0,17,94.0,126.00
2021,Pauillac,91.0,16.5,96.0,5852.00
2022,Saint-Emilion,,15,93.5,185.00
2023,Saint-Emilion,98.0,18,,953.00
2024,Saint-Emilion,94.0,16,94.0,40.00
2025,Pessac-Léognan,88.0,,93.5,103.33
2026,Pomerol,98.0,16.5,99.0,320.00
2027,Haut-Médoc,91.0,16,91.0,45.00
2028,Haut-Médoc,,,89.5,108.33
2029,Saint-Emilion,92.0,15.5,97.0,52.00
2030,Margaux,87.0,17,92.0,199.00
2031,Saint-Emilion,88.5,,93.0,40.90
2032,Pessac-Léognan,,15,91.5,136.67
2033,Fronsac,87.0,,90.0,20.00
2034,Margaux,88.0,,91.5,37.00
2035,Pomerol,93.0,15.5,93.5,69.00
2036,Sauternes,,17.5,94.5,86.17
2037,Pauillac,97.0,19,100.0,1490.00
2038,Saint-Julien,,,90.5,32.70
2039,Pomerol,91.0,16,92.0,75.00
2040,Vin de France,90.0,,92.0,31.67
2041,Lalande de Pomerol,92.0,16.5,94.0,99.00
2042,Saint-Julien,95.0,16,95.0,388.00
2043,Barsac,89.0,17.5,,47.10
2044,Saint-Emilion,92.5,16,93.5,43.67
2045,Bordeaux Blancs Secs,92.0,17,97.0,299.00
2046,Saint-Emilion,94.0,16,,410.00
2047,Margaux,,16,93.5,42.50
2048,Saint-Estèphe,86.0,15.5,87.5,71.67
2049,Pauillac,85.0,16.5,93.0,41.40
2050,Pessac-Léognan,91.0,16,94.0,41.40
2051,Saint-Emilion,89.0,14,90.0,25.00
2052,Lalande de Pomerol,89.0,,92.5,79.83
2053,Barsac,,17,,207.50
2054,Sauternes,,17,,143.33
2055,Pessac-Léognan,89.0,,93.5,20.83
2056,Saint-Julien,88.0,,,150.00
2057,Saint-Emilion,,15.5,93.0,34.00
2058,Saint-Julien,93.0,17,94.0,710.00
2059,Pessac-Léognan,85.0,14.5,92.0,79.00
2060,Pomerol,,16,93.5,251.67
2061,Saint-Emilion,93.0,16.5,,535.00
2062,Saint-Estèphe,88.0,17.5,90.0,690.00
2063,Haut-Médoc,85.0,16,90.5,35.00
2064,Margaux,92.0,15.5,94.5,172.00
2065,Haut-Médoc,88.0,16,92.0,27.00
2066,Pessac-Léognan,,,,13.83
2067,Saint-Estèphe,88.0,18.5,94.0,615.00
2068,Pessac-Léognan,94.0,17.5,96.0,660.00
2069,Saint-Emilion,92.0,17,97.5,373.00
2070,Saint-Emilion,,15,,109.17
2071,Saint-Emilion,91.0,15,93.0,44.70
2072,Pomerol,90.0,,93.0,45.00
2073,Sauternes,95.0,16.5,93.0,60.00
2074,Saint-Julien,91.0,16,91.0,230.00
2075,Saint-Julien,94.0,16.5,95.0,295.00
2076,Pauillac,88.0,16,95.5,98.00
2077,Sauternes,90.0,16.5,90.0,42.00
2078,Francs Côtes de Bordeaux,89.5,,92.5,114.17
2079,Pomerol,89.0,,92.5,125.83
2080,Saint-Emilion,93.0,16-,93.0,147.67
2081,Saint-Emilion,91.0,14,92.0,33.80
2082,Pauillac,,,,58.33
2083,Sauternes,,,92.0,31.00
2084,Bordeaux,,,92.0,25.17
2085,Saint-Emilion,,16,92.5,172.50
2086,Margaux,96.0,18,98.0,426.33
2087,Saint-Emilion,94.0,16,93.0,54.50
2088,Pauillac,100.0,17,100.0,1360.00
2089,Saint-Julien,94.0,17.5,,310.00
2090,Margaux,,,,86.67
2091,Pauillac,92.0,18,94.0,680.00
2092,Sauternes,91.0,17,95.0,60.00
2093,Margaux,94.0,17,94.0,112.90
2094,Sauternes,93.0,15,96.0,52.67
2095,Barsac,88.0,16,,60.00
2096,Pessac-Léognan,,,92.0,19.30
2097,Pessac-Léognan,98.0,17.5,95.5,240.00
2098,Sauternes,,,,31.60
2099,Saint-Emilion,97.0,16,98.0,257.33
2100,Margaux,90.0,16,94.5,218.33
2101,Saint-Emilion,92.0,16,91.5,168.33
2102,Margaux,88.0,17.5,,350.00
2103,Montagne-Saint-Emilion,,,91.0,14.20
2104,Saint-Julien,90.0,,,107.00
2105,Saint-Julien,89.0,16,91.5,36.20
2106,Saint-Estèphe,93.0,16,94.0,455.00
2107,Saint-Emilion,93.0,,,91.50
2108,Pessac-Léognan,92.0,15.5,94.0,50.00
2109,Saint-Julien,89.0,16,92.0,39.00
2110,Saint-Emilion,94.0,16,93.0,40.00
2111,Saint-Emilion,87.0,14,95.0,51.17
2112,Pauillac,91.5,16,93.5,319.17
2113,Margaux,93.0,,,2750.00
2114,Vin de France,,,93.0,32.30
2115,Pauillac,89.0,,,37.00
2116,Sauternes,93.0,17.5,98.0,405.00
2117,Pomerol,90.0,,93.5,38.17
2118,Pauillac,92.0,17,95.5,229.00
2119,Margaux,93.0,,93.0,925.00
2120,Pessac-Léognan,96.0,17.5,,394.83
2121,Saint-Emilion,92.0,,95.5,48.00
2122,Pauillac,98.0,18.5,100.0,2295.00
2123,Margaux,98.0,17.5,97.0,165.00
2124,Margaux,90.0,16,94.0,134.00
2125,Bordeaux Blancs Secs,90.5,,94.5,45.80
2126,Saint-Emilion,,16,92.5,134.17
2127,Pauillac,94.0,,97.0,49.92
2128,Margaux,88.0,14,92.0,56.70
2129,Sauternes,,,,130.00
2130,Pauillac,96.0,18,100.0,725.00
2131,Saint-Estèphe,,,,21.30
2132,Saint-Julien,88.0,16,91.0,91.67
2133,Saint-Julien,91.0,16,93.0,95.00
2134,Pomerol,88.0,,93.0,98.00
2135,Pessac-Léognan,94.5,16.5,97.5,455.83
2136,Sauternes,93.0,16.5,94.0,57.00
2137,Saint-Julien,93.0,16,94.0,1390.00
2138,Pauillac,96.0,18,97.0,850.00
2139,Saint-Emilion,,,94.5,160.00
2140,Pessac-Léognan,96.0,17,92.0,175.00
2141,Pessac-Léognan,91.0,16,96.0,120.00
2142,Saint-Emilion,90.0,15.5,94.0,38.00
2143,Saint-Emilion,,,92.5,34.00
2144,Pessac-Léognan,96.0,17.5,97.0,228.83
2145,Barsac,95.0,,,56.17
2146,Pauillac,92.0,16,92.5,260.00
2147,Castillon Côtes de Bordeaux,,,90.0,14.00
2148,Saint-Emilion,,16,97.5,140.80
2149,Saint-Julien,89.0,16.5,,92.00
2150,Saint-Emilion,,16,95.0,44.00
2151,Margaux,94.0,16,94.0,171.60
2152,Haut-Médoc,,,92.0,19.60
2153,Pomerol,91.0,16.5,94.0,344.67
2154,Pessac-Léognan,100.0,16.5,99.0,290.00
2155,Puisseguin-Saint-Emilion,90.0,,92.0,65.80
2156,Saint-Emilion,89.5,16,92.0,49.00
2157,Saint-Julien,97.0,17.5,98.0,110.00
2158,Saint-Estèphe,95.0,17,98.0,253.30
2159,Saint-Emilion,95.0,16.5,94.0,415.00
2160,Saint-Julien,95.0,17.5,96.0,115.00
2161,Pauillac,91.0,17.5,92.0,125.00
2162,Sauternes,,,,45.80
2163,Saint-Emilion,,,88.5,36.00
2164,Saint-Estèphe,88.0,16.5,87.5,27.17
2165,Saint-Emilion,,16.5,93.5,36.17
2166,Margaux,89.5,16.5,92.0,45.00
2167,Saint-Julien,91.0,16,90.5,64.30
2168,Sauternes,89.0,17,,49.10
2169,Saint-Emilion,91.0,16,92.5,211.67
2170,Saint-Emilion,90.0,15.5,92.0,67.50
2171,Saint-Estèphe,,,92.5,25.40
2172,Graves,90.0,16.5,93.0,27.70
2173,Margaux,93.0,17,97.0,910.00
2174,Sauternes,,,,190.00
2175,Saint-Julien,94.0,,94.0,305.00
2176,Saint-Julien,88.0,16.5,92.5,139.00
2177,Pauillac,93.0,17.5,98.0,280.00
2178,Saint-Julien,95.0,17,94.0,3700.00
2179,Pauillac,90.0,15.5,92.5,43.60
2180,Pauillac,,,,365.00
2181,Saint-Estèphe,,,,80.00
2182,Sauternes,,17.5,,261.00
2183,Saint-Julien,92.0,16.5,91.5,129.00
2184,Pessac-Léognan,100.0,19,100.0,1230.83
2185,Saint-Emilion,94.0,16,95.0,60.00
2186,Moulis,90.0,17,92.0,86.10
2187,Médoc,80.5,,,165.00
2188,Haut-Médoc,85.0,,92.0,12.83
2189,Saint-Emilion,93.0,16,95.0,105.00
2190,Pomerol,96.0,16.5,96.0,377.00
2191,Saint-Julien,89.0,16.5,93.0,133.00
2192,Pauillac,94.0,16,95.0,101.00
2193,Saint-Emilion,90.0,,92.0,37.50
2194,Médoc,86.0,16.5,91.0,19.80
2195,Margaux,96.0,16,98.0,985.00
2196,Sauternes,98.0,,,385.00
2197,Saint-Julien,92.0,16,93.0,69.00
2198,Saint-Emilion,96.0,15.5,96.0,209.00
2199,Saint-Emilion,89.0,15,92.5,24.42
2200,Sauternes,91.0,18,92.0,52.30
2201,Moulis,82.0,16.5,94.0,112.67
2202,Margaux,95.0,16.5,98.0,80.00
2203,Margaux,92.0,16.5,,191.00
2204,Haut-Médoc,90.5,,92.0,31.60
2205,Saint-Emilion,,15.5,92.0,41.00
2206,Sauternes,90.0,17.5,,47.60
2207,Sauternes,93.0,17,93.0,187.00
2208,Moulis,88.5,16.5,,198.00
2209,Haut-Médoc,87.0,16.5,92.0,35.40
2210,Pauillac,91.0,16,93.5,245.00
2211,Pomerol,94.0,16.5,98.0,138.00
2212,Sauternes,92.0,16.5,,35.50
2213,Saint-Emilion,94.0,16.5,97.0,159.80
2214,Saint-Emilion,,,90.5,117.50
2215,Haut-Médoc,,15.5,92.5,15.75
2216,Margaux,92.0,16.5,94.0,65.42
2217,Pauillac,91.0,17,96.0,1567.00
2218,Saint-Emilion,95.0,15,95.0,126.83
2219,Pomerol,94.0,17,96.5,265.00
2220,Margaux,89.0,16-,,97.00
2221,Saint-Julien,96.0,16.5,96.0,880.00
2222,Saint-Emilion,89.0,15.5,,44.70
2223,Pauillac,92.0,18,94.0,850.00
2224,Saint-Emilion,,,92.5,28.00
2225,Saint-Emilion,,16,94.5,55.20
2226,Bordeaux Blancs Secs,,,,10.20
2227,Margaux,90.0,,93.5,29.90
2228,Saint-Julien,89.0,16.5,,310.00
2229,Canon-Fronsac,,,93.0,20.70
2230,Sauternes,,17,93.0,35.00
2231,Saint-Emilion,93.0,16.5,,185.00
2232,Médoc,,,92.5,15.60
2233,Pauillac,91.0,17.5,95.0,999.00
2234,Pessac-Léognan,91.0,,93.0,25.00
2235,Margaux,98.0,15,100.0,720.00
2236,Sauternes,93.0,15.5,92.0,49.00
2237,Saint-Emilion,,,97.5,39.40
2238,Saint-Emilion,,,92.5,48.00
2239,Pomerol,90.0,15.5,94.0,118.30
2240,Haut-Médoc,,15.5,92.5,32.70
2241,Pauillac,91.0,16,94.0,48.00
2242,Saint-Emilion,95.0,16.5,98.0,560.00
2243,Médoc,89.0,15.5,92.5,101.67
2244,Pomerol,84.0,16-,,34.00
2245,Barsac,,16.5,,59.00
2246,Saint-Emilion,91.0,16.5,,270.00
2247,Pauillac,93.0,14.5,93.5,420.00
2248,Margaux,90.0,17.5,93.0,465.00
2249,Haut-Médoc,86.0,15,,16.40
2250,Saint-Emilion,100.0,18,94.0,1220.00
2251,Pauillac,92.5,17,96.5,2015.83
2252,Haut-Médoc,92.0,16.5,90.0,51.00
2253,Pauillac,87.0,13.5,91.0,38.20
2254,Sauternes,,,,84.00
2255,Haut-Médoc,,,,133.00
2256,Pauillac,94.0,17,,1090.00
2257,Pauillac,89.0,16.5,,195.00
2258,Margaux,91.0,17,95.0,665.00
2259,Pessac-Léognan,,16,91.5,130.00
2260,Barsac,91.0,16.5,93.0,63.00
2261,Pomerol,97.0,19,97.0,903.33
2262,Bordeaux Blancs Secs,93.5,17,,350.00
2263,Saint-Emilion,94.0,17,95.5,106.40
2264,Pomerol,,,,324.00
2265,Pomerol,92.0,16.5,,90.00
2266,Castillon Côtes de Bordeaux,,16,92.5,21.83
2267,Margaux,86.0,16.5,93.5,30.67
2268,Pauillac,90.0,16,93.5,840.00
2269,Margaux,97.0,17.5,96.0,115.00
2270,Saint-Emilion,92.0,17.5,,7950.00
2271,Margaux,90.0,17.5,89.5,1275.00
2272,Margaux,,,,33.17
2273,Haut-Médoc,89.0,,92.0,22.70
2274,Montagne-Saint-Emilion,,,90.5,95.83
2275,Fronsac,90.0,,89.5,15.30
2276,Pauillac,91.0,15.5,94.5,1390.00
2277,Pomerol,,,94.0,35.92
2278,Bordeaux Blancs Secs,90.0,,,198.33
2279,Margaux,91.0,17,92.0,160.60
2280,Saint-Estèphe,90.0,15,90.5,86.67
2281,Pauillac,92.0,16,95.0,185.00
2282,Pauillac,89.0,18,,470.00
2283,Sauternes,95.0,19,,390.00
2284,Margaux,96.0,17.5,94.0,660.00
2285,Saint-Emilion,,16.5,91.5,144.17
2286,Sauternes,,17.5,,238.33
2287,Pomerol,,,94.5,218.00
2288,Bordeaux Blancs Secs,,16,,60.00
2289,Pessac-Léognan,93.0,,94.0,31.00
2290,Sauternes,94.0,16.5,96.0,140.00
2291,Margaux,92.0,15.5,94.0,114.33
2292,Haut-Médoc,87.0,15.5,,119.17
2293,Pomerol,94.0,17,100.0,435.00
2294,Saint-Emilion,95.0,16.5,96.5,202.00
2295,Barsac,,17.5,93.5,44.00
2296,Sauternes,93.0,17,95.0,71.83
2297,Saint-Julien,92.0,16.5,95.0,1720.00
2298,Saint-Emilion,96.0,17,99.0,231.00
2299,Barsac,95.0,17.5,96.0,176.80
2300,Saint-Emilion,,18,97.0,182.33
2301,Margaux,87.0,16,,125.00
2302,Pessac-Léognan,100.0,18,100.0,1265.00
2303,Pomerol,92.0,,97.0,340.00
2304,Saint-Emilion,97.0,18.5,99.0,4550.00
2305,Sauternes,,17,91.5,54.00
2306,Pessac-Léognan,91.0,,93.0,26.00
2307,Saint-Estèphe,91.0,16,93.0,125.00
2308,Saint-Emilion,,16,92.5,53.42
2309,Haut-Médoc,90.0,15.5,94.0,64.00
2310,Saint-Emilion,91.0,16,94.5,39.20
2311,Saint-Estèphe,83.0,17,92.0,95.00
2312,Pessac-Léognan,97.0,17,98.0,197.00
2313,Pauillac,95.0,18,,1190.00
2314,Pessac-Léognan,88.0,17,91.0,220.00
2315,Pauillac,,,,29.00
2316,Saint-Estèphe,92.0,15,91.0,45.30
2317,Haut-Médoc,,15.5,91.5,84.17
2318,Pauillac,91.0,17,92.5,350.00
2319,Saint-Emilion,,15.5,93.5,48.17
2320,Pauillac,,,,40.83
2321,Saint-Emilion,93.0,15,,140.00
2322,Margaux,92.0,16.5,96.0,1475.00
2323,Pessac-Léognan,94.0,16,92.5,260.00
2324,Fronsac,90.0,16.5,93.0,133.00
2325,Haut-Médoc,,16,90.5,72.08
2326,Pauillac,91.0,15,93.0,160.00
2327,Saint-Emilion,90.0,15.5,91.0,36.50
2328,Saint-Emilion,89.0,,,125.00
2329,Haut-Médoc,,15,90.5,19.80
2330,Saint-Emilion,87.0,16,90.5,41.40
2331,Haut-Médoc,,16,91.5,23.00
2332,Sauternes,,,88.5,24.00
2333,Castillon Côtes de Bordeaux,87.5,,90.5,52.50
2334,Saint-Emilion,95.0,17.5,94.0,1350.00
2335,Saint-Emilion,,16,94.5,41.00
2336,Saint-Emilion,93.0,16.5,97.5,157.17
2337,Pauillac,91.0,16,95.0,64.30
2338,Moulis,88.0,16,91.0,37.30
2339,Castillon Côtes de Bordeaux,,,93.0,89.00
2340,Pomerol,91.0,15.5,95.0,42.50
2341,Saint-Estèphe,94.0,17.5,93.0,690.00
2342,Lalande de Pomerol,91.0,16,93.0,80.00
2343,Haut-Médoc,,16.5,92.0,22.00
2344,Barsac,,17,,156.00
2345,Haut-Médoc,,,,216.00
2346,Pomerol,92.0,16.5,91.5,79.50
2347,Saint-Emilion,91.0,,93.0,36.00
2348,Pessac-Léognan,92.0,16,,815.00
2349,Pessac-Léognan,91.0,16,92.5,26.20
2350,Pauillac,96.0,17.5,96.0,850.00
2351,Saint-Julien,94.0,15.5,,245.00
2352,Pessac-Léognan,98.0,16.5,98.5,128.00
2353,Saint-Julien,,15,,63.00
2354,Saint-Emilion,92.0,14.5,100.0,196.00
2355,Pessac-Léognan,95.0,17.5,97.0,3500.00
2356,Pauillac,97.0,17.5,100.0,965.00
2357,Margaux,88.0,14.5,91.0,68.70
2358,Saint-Emilion,,,98.5,91.00
2359,Haut-Médoc,87.0,16,92.0,25.00
2360,Margaux,94.0,16.5,95.0,730.00
2361,Bordeaux Blancs Secs,90.0,,94.0,72.00
2362,Margaux,93.0,15,94.0,72.00
2363,Pauillac,87.0,17,92.0,1660.00
2364,Listrac,,,,395.00
2365,Saint-Estèphe,100.0,18,98.0,4700.00
2366,Saint-Julien,88.0,,93.5,167.60
2367,Pomerol,,,,150.00
2368,Bordeaux Blancs Secs,93.0,17.5,97.0,428.33
2369,Pauillac,100.0,18,98.0,1250.00
2370,Saint-Emilion,91.0,16.5,95.0,295.00
2371,Saint-Julien,95.0,16,94.0,1790.00
2372,Sauternes,,,,294.17
2373,Saint-Julien,,16,,57.00
2374,Lalande de Pomerol,,,91.0,22.00
2375,Margaux,89.0,16.5,90.0,99.00
2376,Saint-Emilion,100.0,18.5,100.0,640.00
2377,Pomerol,,16.5,94.0,62.30
2378,Saint-Emilion,94.0,16.5,94.5,38.20
2379,Pomerol,90.0,15.5,94.0,133.00
2380,Saint-Emilion,,,94.0,230.00
2381,Barsac,90.0,16.5,94.0,58.90
2382,Médoc,,,,185.00
2383,Pomerol,97.0,16.5,98.0,195.00
2384,Saint-Emilion,95.0,,93.5,335.00
2385,Fronsac,90.0,16.5,95.0,28.00
2386,Saint-Emilion,97.0,18,98.0,970.00
2387,Saint-Emilion,92.0,16.5,95.0,635.00
2388,Saint-Julien,91.0,,,395.33
2389,Saint-Estèphe,86.0,,,275.00
2390,Pomerol,,,92.5,185.00
2391,Listrac,,16,90.5,76.67
2392,Sauternes,,17.5,90.5,59.20
2393,Saint-Julien,89.0,,,299.00
2394,Pomerol,87.0,,,69.00
2395,Pessac-Léognan,96.0,17.5,,623.30
2396,Margaux,100.0,18,,2990.00
2397,Pauillac,93.0,16.5,94.5,89.70
2398,Saint-Emilion,91.0,,91.0,41.00
2399,Saint-Emilion,,16,96.5,540.00
2400,Saint-Emilion,,16.5,95.0,99.67
2401,Castillon Côtes de Bordeaux,87.0,15.5,91.5,75.42
2402,Pauillac,93.0,17,93.0,220.00
2403,Pessac-Léognan,,16.5,,34.30
2404,Margaux,94.0,17,95.5,200.33
2405,Margaux,80.0,,,1250.00
2406,Sauternes,91.0,16,,64.30
2407,Saint-Emilion,95.0,17,,950.00
2408,Pessac-Léognan,90.0,15,89.5,56.00
2409,Saint-Julien,94.0,16.5,97.0,74.83
2410,Pauillac,95.0,17,95.0,260.00
2411,Pauillac,98.0,18,96.0,7610.00
2412,Saint-Emilion,90.0,15.5,93.0,38.20
2413,Saint-Estèphe,93.0,16.5,93.0,270.00
2414,Pauillac,94.0,15.5,97.0,133.10
2415,Margaux,91.0,16,93.5,33.75
2416,Pessac-Léognan,98.0,18.5,97.0,5800.00
2417,Pessac-Léognan,85.0,14,,109.00
2418,Pauillac,95.0,17.5,95.0,8990.00
2419,Saint-Emilion,90.0,15.5,91.5,152.50
2420,Pauillac,88.0,16.5,93.5,41.17
2421,Saint-Julien,,,92.5,110.83
2422,Pauillac,90.0,16.5,92.0,118.40
2423,Saint-Emilion,91.0,,,1720.00
2424,Saint-Estèphe,92.0,18,95.0,71.40
2425,Haut-Médoc,90.0,16,90.5,42.50
2426,Pomerol,,16,92.0,42.70
2427,Pomerol,,,,180.00
2428,Pauillac,94.0,16.5,95.0,223.70
2429,Bordeaux Blancs Secs,95.0,16.5,98.0,445.00
2430,Pauillac,88.0,,92.5,201.67
2431,Lalande de Pomerol,91.0,,93.0,81.00
2432,Fronsac,92.0,,92.5,18.70
2433,Margaux,88.0,15.5,,360.00
2434,Pauillac,91.0,16.5,94.0,425.00
2435,Saint-Emilion,,,,33.80
2436,Saint-Emilion,92.0,17,99.0,780.00
2437,Saint-Emilion,83.0,16.5,,1195.00
2438,Pauillac,96.0,17.5,,465.00
2439,Pessac-Léognan,93.0,16.5,95.0,219.40
2440,Pomerol,,,,349.17
2441,Pauillac,89.0,15.5,,162.14
2442,Saint-Emilion,87.0,18.5,,1710.00
2443,Bordeaux,,,,60.00
2444,Saint-Julien,94.0,16,93.0,97.00
2445,Margaux,,15.5,92.5,19.08
2446,Sauternes,94.0,,,41.40
2447,Pauillac,84.0,16,,250.00
2448,Saint-Emilion,91.0,,92.5,25.17
2449,Saint-Emilion,98.0,17.5,,730.00
2450,Pomerol,97.0,18,98.0,450.00
2451,Pomerol,94.0,15,96.0,4100.00
2452,Pauillac,95.0,18,,2750.00
2453,Barsac,93.0,17,,44.70
2454,Saint-Emilion,88.0,15,,124.00
2455,Saint-Emilion,90.0,18,,2495.00
2456,Saint-Emilion,95.0,17.5,99.0,1045.00
2457,Saint-Julien,98.0,,,4200.00
2458,Margaux,95.0,17,97.0,765.00
2459,Pauillac,91.0,16.5,,155.71
2460,Saint-Emilion,95.0,18.5,,1760.00
2461,Saint-Emilion,98.0,16.5,,467.00
2462,Pomerol,88.0,16.5,94.0,124.70
2463,Saint-Estèphe,93.0,16.5,95.0,106.00
2464,Sauternes,,17,,33.58
2465,Saint-Julien,91.0,16,95.5,358.60
2466,Pomerol,,,92.5,147.50
2467,Pomerol,,,,285.00
2468,Haut-Médoc,90.0,16.5,,750.00
2469,Saint-Estèphe,,16.5,93.0,42.67
2470,Margaux,86.0,16.5,,1175.00
2471,Haut-Médoc,,16,94.5,54.00
2472,Margaux,91.5,16.5,95.5,630.00
2473,Bordeaux Blancs Secs,93.0,17,99.0,420.00
2474,Pauillac,92.0,17,95.0,238.57
2475,Montagne-Saint-Emilion,,,92.0,32.17
2476,Pessac-Léognan,77.0,15.5,,1260.00
2477,Bordeaux Blancs Secs,89.5,,,19.30
2478,Pessac-Léognan,,15.5,92.0,25.10
2479,Puisseguin-Saint-Emilion,86.0,,91.0,29.40
2480,Saint-Julien,98.0,17,95.0,430.00
2481,Saint-Julien,90.0,,93.0,200.00
2482,Pauillac,96.0,18,95.5,314.00
2483,Saint-Julien,93.0,16.5,95.0,254.40
2484,Pauillac,90.0,17,93.0,275.00
2485,Haut-Médoc,82.0,15.5,,35.00
2486,Saint-Julien,95.0,16.5,97.0,445.00
2487,Margaux,,17.5,91.5,60.00
2488,Saint-Julien,89.0,17,,186.40
2489,Pauillac,93.0,16,95.0,329.00
2490,Pessac-Léognan,96.0,17.5,97.0,414.00
2491,Pessac-Léognan,91.0,16,,420.00
2492,Saint-Estèphe,97.0,17.5,96.0,216.00
2493,Saint-Emilion,95.0,17.5,93.0,1255.00
2494,Pessac-Léognan,90.0,15,,1250.00
2495,Pessac-Léognan,90.0,16.5,98.0,530.00
2496,Pomerol,95.0,18,95.0,229.30
2497,Sauternes,,19,,17280.00
2498,Pessac-Léognan,95.0,15.5,,765.00
2499,Saint-Emilion,93.0,15,95.0,198.00
2500,Pessac-Léognan,90.0,16.5,,855.00
2501,Margaux,94.0,16.5,,420.00
2502,Sauternes,87.0,17,97.0,50.00
2503,Margaux,,16,92.5,172.50
2504,Saint-Emilion,,15.5,94.0,60.00
2505,Montagne-Saint-Emilion,,,88.5,83.40
2506,Pessac-Léognan,87.0,16.5,,765.00
2507,Pessac-Léognan,91.0,15.5,94.0,165.00
2508,Saint-Estèphe,93.0,,,625.00
2509,Pessac-Léognan,85.0,15.5,,470.00
2510,Pessac-Léognan,94.0,15.5,92.0,760.00
2511,Margaux,93.0,17,,735.00
2512,Saint-Emilion,86.0,,91.0,26.20
2513,Pauillac,91.5,16.5,95.5,40.90
2514,Saint-Julien,98.0,17.5,,915.00
2515,Bordeaux,,,,60.00
2516,Saint-Estèphe,94.0,17,,1075.00
2517,Margaux,92.0,16.5,92.0,106.40
2518,Saint-Estèphe,87.0,17.5,,494.00
2519,Pauillac,91.5,17.5,94.0,4275.00
2520,Pauillac,89.0,17,93.0,650.00
2521,Pessac-Léognan,90.0,15.5,,3990.00
2522,Canon-Fronsac,89.0,,,195.00
2523,Margaux,88.0,16,,780.00
2524,Margaux,89.0,16,95.0,53.40
2525,Pessac-Léognan,88.0,15.5,,650.00
2526,Moulis,93.0,16,92.5,545.00
2527,Margaux,94.0,17.5,,895.00
2528,Pessac-Léognan,90.0,17,92.0,530.00
2529,Saint-Julien,95.0,16.5,93.0,285.00
2530,Saint-Emilion,,,,4095.00
2531,Saint-Emilion,92.0,16,95.5,106.00
2532,Saint-Emilion,88.0,15.5,92.5,22.83
2533,Pauillac,94.0,17.5,94.0,1825.00
2534,Pessac-Léognan,76.0,15,,3185.00
2535,Graves,,16.5,91.5,15.80
2536,Margaux,93.0,16.5,95.5,43.60
2537,Pomerol,,,95.5,345.00
2538,Margaux,89.0,16.5,,1300.00
2539,Pessac-Léognan,93.0,17,93.0,530.00
2540,Pomerol,91.0,17,97.5,222.50
